Model_ID,ICA_Span,ACA_Span,MCA_Span,ICA_Mean_CE_Diameter,ICA_Mean_MIS_Diameter,ICA_CE_Radius,ICA_Roundness_Index,ACA_Mean_CE_Diameter,ACA_Mean_MIS_Diameter,ACA_CE_Radius,ACA_Roundness_Index,MCA_Mean_CE_Diameter,MCA_Mean_MIS_Diameter,MCA_CE_Radius,MCA_Roundness_Index
ct_001_R,18,20,20,4.7359,4.489608888888889,2.36795,0.9479948666333514,2.83434,2.5484449999999996,1.41717,0.89913172025939,3.581322,3.5019134999999997,1.790661,0.9778270426395614
ct_002_L,20,20,20,3.9632279999999995,3.9084799999999995,1.9816139999999998,0.98618600797128,2.9788355,2.6679265,1.48941775,0.8956273349099002,3.9054495000000005,3.693155,1.9527247500000002,0.9456414684148392
ct_002_R,20,20,20,3.436756999999999,3.307718499999999,1.7183784999999996,0.962453411748343,2.7941014999999996,2.7790295,1.3970507499999998,0.9946057793533988,3.713803,3.4126,1.8569015,0.9188963442595097
ct_003_R,20,20,20,4.2469585,3.9854320000000003,2.12347925,0.9384202835982505,2.5450170000000005,2.5027690000000002,1.2725085000000003,0.9833997179586619,3.6339725,3.3990085,1.81698625,0.9353423835761002
ct_004_L,20,20,20,4.3288435000000005,4.192711,2.1644217500000003,0.968552224167956,3.0549984999999995,2.883743,1.5274992499999998,0.9439425256673614,3.3389119999999997,3.161099,1.6694559999999998,0.9467452271877786
ct_004_R,20,20,20,4.3557844999999995,3.4510124999999996,2.1778922499999998,0.7922826531018695,2.470582,2.4154805,1.235291,0.9776969556161262,3.378349,3.2086369999999995,1.6891745,0.9497648111547976
ct_005_L,20,20,20,4.1711795,3.956087,2.08558975,0.9484336504818361,2.9133544999999996,2.46857,1.4566772499999998,0.8473290840507053,3.9097790000000003,3.6927995000000005,1.9548895000000002,0.9445033849739334
ct_005_R,12,20,20,4.077023333333334,3.9594141666666665,2.038511666666667,0.9711531779312846,2.56363,2.313253,1.281815,0.9023349703350328,3.7624285,3.7817679999999996,1.88121425,1.0051401641253779
ct_006_L,20,20,20,3.1845885000000003,2.9783489999999992,1.5922942500000001,0.9352382576273195,1.6925180000000002,1.7195425,0.8462590000000001,1.0159670384598567,2.807315,2.5932475,1.4036575,0.9237465336095165
ct_006_R,20,20,20,3.2776185,3.2359485,1.63880925,0.9872865008542026,2.0721995,1.919068,1.03609975,0.926101951091099,2.963763,2.7746779999999998,1.4818815,0.9362010390169523
ct_007_L,20,20,20,4.5029265,4.2628815,2.25146325,0.9466913350684271,2.1308175,1.966535,1.06540875,0.9229016562891941,3.1363515,2.8863594999999997,1.56817575,0.9202920973621738
ct_007_R,20,20,20,4.503475,4.4196925,2.2517375,0.9813960330633567,2.5542914999999993,2.3270869999999997,1.2771457499999996,0.9110498938746813,3.3019244999999997,3.121592,1.6509622499999999,0.9453856379817287
ct_008_L,20,20,20,3.835698500000001,3.5420460000000005,1.9178492500000004,0.9234422361403014,1.3364905000000002,1.2332385000000001,0.6682452500000001,0.9227439327103334,3.0638945000000004,3.0385675,1.5319472500000002,0.9917337232075059
ct_008_R,10,20,20,3.9644129999999995,3.9365260000000006,1.9822064999999998,0.9929656673005565,1.5803820000000002,1.485348,0.7901910000000001,0.9398664373550191,3.168764,2.9599485000000003,1.584382,0.9341019085043886
ct_009_L,20,20,20,4.722217,4.4025435,2.3611085,0.9323043604307045,3.035898,2.5336715,1.517949,0.8345706937453103,3.600598,3.4626710000000003,1.800299,0.96169330761168
ct_009_R,14,20,20,4.08427,3.85492,2.042135,0.9438455342080714,0.5870285000000001,0.6572644000000001,0.29351425000000003,1.1196464907581147,2.8890025,2.769609,1.44450125,0.958673106028811
ct_010_L,12,20,20,4.751365833333334,4.284059999999999,2.375682916666667,0.9016481050448825,2.9671369999999997,2.7092985,1.4835684999999998,0.9131019228299874,2.7156275000000005,2.685639,1.3578137500000003,0.9889570642512641
ct_011_L,20,20,20,3.3122945,3.1893335000000005,1.65614725,0.9628773951108515,2.18634,2.0598485,1.09317,0.9421446344118483,3.0538619999999996,2.7152930000000004,1.5269309999999998,0.8891341520998659
ct_011_R,20,20,20,3.2178400000000003,3.1656649999999997,1.6089200000000001,0.9837857071824576,2.311183,2.2577695,1.1555915,0.9768891083051408,3.1213915,3.0951554999999997,1.56069575,0.9915947743178002
ct_012_L,20,20,20,3.9881125000000006,3.9231375,1.9940562500000003,0.9837078317123701,2.509281,2.4749485,1.2546405,0.9863177938222144,3.6492855000000004,3.5874864999999994,1.8246427500000002,0.9830654521275464
ct_012_R,20,20,20,4.623873,4.4645920000000014,2.3119365,0.9655524708399218,2.9584065,2.807423,1.47920325,0.9489645861716434,3.6850119999999995,3.579916,1.8425059999999998,0.9714801471474178
ct_013_L,20,20,18,4.0561905,3.850755999999999,2.02809525,0.9493528472097155,2.93196,2.7152875,1.46598,0.9260997762588848,2.8816344444444444,2.6820488888888887,1.4408172222222222,0.9307387666952898
ct_013_R,20,20,20,3.8288445,3.5497229999999993,1.91442225,0.9271003301387661,0.9748659999999999,0.72730495,0.48743299999999995,0.7460563297930177,2.795836,2.586295,1.397918,0.9250524708888503
ct_014_L,20,20,20,3.9118305000000007,3.7586635,1.9559152500000003,0.9608451848821158,2.4580925000000002,2.351307,1.2290462500000001,0.9565575746234121,3.0871595,2.9892335,1.54357975,0.9682795786871395
ct_014_R,8,20,20,3.7127725,3.49876375,1.85638625,0.9423587763591764,1.23158545,1.0624980000000002,0.615792725,0.8627074962602068,3.147522,3.0477445,1.573761,0.9682996655781914
ct_015_L,20,20,20,4.212815,3.9654650000000005,2.1064075,0.9412862895712251,3.5148815,2.9597325000000003,1.75744075,0.8420575487395522,3.0579505000000005,2.995539,1.5289752500000002,0.979590415214373
ct_016_L,20,20,20,3.366399499999999,3.0226559999999996,1.6831997499999996,0.8978898672008477,1.4944004999999998,1.504812,0.7472002499999999,1.006967007840268,2.770483,2.6388735,1.3852415,0.9524958283447326
ct_016_R,20,20,20,3.2925285000000004,3.0512075,1.6462642500000002,0.9267064810524798,1.5618085,1.3981445,0.78090425,0.8952086635461389,2.482886,2.417226,1.241443,0.9735549678881752
ct_017_L,20,20,20,4.0707085,3.86678,2.03535425,0.9499034381852691,1.9652654999999999,1.7689445000000004,0.9826327499999999,0.9001045914661405,2.7401989999999996,2.6626575,1.3700994999999998,0.9717022376841975
ct_017_R,20,20,20,4.9398155,4.6533365,2.46990775,0.9420061336298896,2.670264,2.4540405,1.335132,0.9190254222054449,3.045744499999999,2.834863,1.5228722499999996,0.9307619204434254
ct_018_L,20,20,20,4.5980635,4.4572855,2.29903175,0.9693831979484406,2.3661065,2.1499625,1.18305325,0.9086499276342802,3.3702499999999995,3.129849,1.6851249999999998,0.9286696832579188
ct_018_R,8,20,20,5.138177499999999,4.56976375,2.5690887499999997,0.8893744425917556,1.8178415,1.7137214999999997,0.90892075,0.9427232792297896,3.1280315,2.8285245,1.56401575,0.9042506445347497
ct_019_L,18,20,20,4.1342727777777775,4.060359999999999,2.0671363888888887,0.9821219397580468,2.2664160000000004,2.1989090000000004,1.1332080000000002,0.9702142060416094,3.2291870000000005,3.0561245,1.6145935000000002,0.9464067890772506
ct_019_R,20,20,20,4.424965000000001,4.246838500000001,2.2124825000000006,0.9597451053285166,2.7648325000000002,2.6488975000000003,1.3824162500000001,0.9580679842268927,3.4368775,3.3703639999999995,1.71843875,0.9806471135500172
ct_020_L,20,20,20,3.5349185,3.4188019999999995,1.76745925,0.9671515764790616,1.6503145,1.7487985,0.82515725,1.0596758981394152,2.633221999999999,2.5040915,1.3166109999999995,0.9509610279725753
ct_020_R,20,20,20,3.4404600000000003,3.293199,1.7202300000000001,0.9571972933851868,1.8706814999999999,1.7437984999999998,0.9353407499999999,0.9321728471682645,2.427478,2.3853345,1.213739,0.9826389775726083
ct_021_L,20,20,2,5.2385835,5.0864285,2.61929175,0.9709549346688853,4.320380499999999,3.8964075,2.1601902499999994,0.9018667453017162,4.338285,4.065825,2.1691425,0.9371963805974021
ct_022_L,20,20,6,4.8806325,4.731451,2.44031625,0.969433982173417,3.9587590000000006,3.7049250000000002,1.9793795000000003,0.9358804110075909,4.562961666666666,4.153746666666667,2.281480833333333,0.9103181157559582
ct_022_R,20,20,20,4.938254499999999,4.7309090000000005,2.4691272499999997,0.9580123908154189,2.6602395000000003,2.5490275000000002,1.3301197500000002,0.9581947414885013,4.065401,3.875572499999999,2.0327005,0.9533063282072296
ct_023_R,20,20,20,3.9399114999999996,3.7904315000000004,1.9699557499999998,0.9620600615013817,2.839993,2.7215085,1.4199965,0.9582800028028238,3.0325274999999996,2.9039665,1.5162637499999998,0.9576059903826101
ct_024_L,18,20,20,3.968322777777778,3.867599444444445,1.984161388888889,0.9746181601211036,2.825513,2.777353,1.4127565,0.9829553075848528,3.2807749999999998,3.2559804999999997,1.6403874999999999,0.9924424869123911
ct_025_L,20,20,20,4.397789,4.247884,2.1988945,0.9659135533787545,3.2454235,3.0215505,1.62271175,0.9310188639479563,3.4306074999999994,3.2172745,1.7153037499999997,0.9378148039377866
ct_025_R,18,20,20,4.0551844444444445,3.4669916666666665,2.0275922222222222,0.8549528915796678,2.808578,2.5639734999999995,1.404289,0.9129080623717766,3.848507,3.3683585000000003,1.9242535,0.8752377220568912
ct_026_L,20,20,20,3.8800410000000007,3.661669,1.9400205000000004,0.9437191514213379,2.121696,2.0646649999999998,1.060848,0.9731200888345926,2.8621140000000005,2.7789315,1.4310570000000002,0.9709366922491556
ct_026_R,20,20,20,3.962121,3.6213829999999994,1.9810605,0.9140011120306522,2.3724870000000005,2.283443,1.1862435000000002,0.9624680767481548,3.3496565000000005,3.1056235,1.6748282500000002,0.9271468581927728
ct_027_L,20,20,20,3.7953699999999997,3.5685779999999996,1.8976849999999998,0.9402450880941778,2.3023670000000003,2.3757305000000004,1.1511835000000001,1.0318643813084536,3.2181535000000006,2.8850059999999997,1.6090767500000003,0.896478679466346
ct_027_R,20,20,20,3.0280270000000002,2.9208464999999997,1.5140135000000001,0.9646038493051744,1.4166389999999998,1.359012,0.7083194999999999,0.9593213232164302,3.0311079999999997,2.8651740000000006,1.5155539999999998,0.9452563221105948
ct_028_L,18,20,20,5.097738888888889,5.006744444444445,2.5488694444444446,0.9821500381977631,3.1455739999999994,3.1143395,1.5727869999999997,0.990070333745129,3.827436,3.7351080000000003,1.913718,0.9758773236182134
ct_029_L,20,20,20,3.974286,3.7877625000000004,1.987143,0.9530674189024142,1.0526827499999998,1.1132765,0.5263413749999999,1.0575612643030392,3.357086,3.419277499999999,1.678543,1.0185254414096032
ct_029_R,16,20,20,4.975366875000001,4.65608125,2.4876834375000003,0.9358267173011234,3.2305994999999994,3.1862715,1.6152997499999997,0.9862787077135377,3.6918735,3.5132865000000004,1.84593675,0.95162699913743
ct_030_L,10,20,20,5.113762,4.615489,2.556881,0.9025623406016939,2.5876785,2.3920255000000004,1.29383925,0.9243905299673049,3.179265,3.092078,1.5896325,0.972576365921054
ct_030_R,20,20,20,3.6831470000000004,3.574128499999999,1.8415735000000002,0.9704007198192195,2.5637494999999997,2.37476,1.2818747499999998,0.9262839446677612,3.1307370000000003,2.7858124999999996,1.5653685000000002,0.8898264210631552
ct_031_L,20,20,20,4.3233505,4.117157000000001,2.16167525,0.9523070128133263,2.201688,2.0869880000000003,1.100844,0.9479036085040208,3.3406785,3.1603070000000004,1.67033925,0.9460075251180262
ct_031_R,10,20,20,3.1957169999999997,3.112668,1.5978584999999998,0.9740124047279533,2.1904719999999998,1.9793114999999997,1.0952359999999999,0.9036004568878305,3.306801000000001,3.118174,1.6534005000000005,0.9429578616917071
ct_032_L,20,20,20,4.245399999999999,4.155271000000001,2.1226999999999996,0.978770198332313,2.1054815,2.091827,1.05274075,0.9935147850978506,3.500915499999999,3.3527425,1.7504577499999996,0.9576759279108568
ct_032_R,20,20,20,4.506073499999999,4.405842,2.2530367499999997,0.9777563548397513,2.7588115,2.7463495,1.37940575,0.9954828374464874,3.1329370000000005,3.116842,1.5664685000000003,0.9948626480519716
ct_033_R,20,20,20,4.2895505,4.1615815000000005,2.14477525,0.9701672704401081,3.0712235,2.8199099999999997,1.53561175,0.9181715365228222,2.9682385,2.916428,1.48411925,0.9825450347066113
ct_034_L,20,20,20,3.263577,3.0209045,1.6317885,0.9256421711514696,1.9825045,1.8928849999999997,0.99125225,0.9547948062665178,2.781942,2.6562604999999992,1.390971,0.9548223866637044
ct_034_R,20,20,20,5.6321245,4.758783,2.81606225,0.8449356898981903,2.01537,1.8685655,1.007685,0.9271575442722677,2.9236790000000004,2.8001395,1.4618395000000002,0.9577451902209508
ct_035_L,20,20,20,3.3365795,3.142615,1.66828975,0.9418672625663498,2.2006819999999996,2.035416,1.1003409999999998,0.9249023711740272,2.7198970000000005,2.7273994999999998,1.3599485000000002,1.0027583765120516
ct_035_R,20,20,20,3.3993094999999998,2.9686635000000003,1.6996547499999999,0.8733136832642042,2.009174,1.934758,1.004587,0.9629618937931708,2.523905,2.36156,1.2619525,0.9356770559906177
ct_036_L,20,20,18,4.969345500000001,4.7514875000000005,2.4846727500000005,0.9561596190081771,2.154879,2.0078055,1.0774395,0.9317486039819404,4.2251916666666665,3.915310555555555,2.1125958333333332,0.9266586854376757
ct_036_R,16,20,20,5.760025000000001,5.381721875,2.8800125000000003,0.9343226591898472,3.8740735,3.6181234999999994,1.93703675,0.9339325905923053,3.795758,3.5669625000000003,1.897879,0.9397233701410891
ct_037_L,20,20,20,4.2901815,4.0243655,2.14509075,0.9380408497868913,2.4094185,2.1966545,1.20470925,0.9116948757552912,3.0960550000000002,3.0177845000000003,1.5480275000000001,0.9747192798577545
ct_037_R,20,20,14,3.5497585000000003,3.476237,1.7748792500000001,0.9792883093314657,1.7135135000000001,1.6298124999999999,0.8567567500000001,0.9511524128639779,2.926867857142857,2.536565,1.4634339285714284,0.866648281988425
ct_038_L,14,20,20,4.378022857142857,4.152909285714286,2.1890114285714284,0.9485809967708844,2.2234475000000002,2.1382389999999996,1.1117237500000001,0.9616773051758584,2.7775425,2.7608325,1.38877125,0.9939838904355198
ct_038_R,20,20,20,4.005511,3.914933,2.0027555,0.9773866555353361,1.378711,1.415251,0.6893555,1.0265030162231243,3.0286684999999998,2.9532399999999996,1.5143342499999999,0.9750951614546127
ct_039_L,20,20,20,3.9255240000000002,3.7478209999999996,1.9627620000000001,0.9547313938215636,2.603364,2.4058185,1.301682,0.9241191396977142,3.2850030000000006,3.1440609999999998,1.6425015000000003,0.957095320765308
ct_039_R,20,20,20,4.0211235,3.8119475,2.01056175,0.9479807073819047,2.868825,2.665845,1.4344125,0.9292462942145303,3.5366045,3.428051,1.76830225,0.9693057281355605
ct_040_L,10,20,14,3.757504,3.647486,1.878752,0.9707204569842107,2.521294,2.1852780000000003,1.260647,0.8667287511888737,3.289332142857142,3.046472142857142,1.644666071428571,0.9261673830879694
ct_040_R,20,20,20,4.431514000000001,4.184407,2.2157570000000004,0.9442386958497704,3.1064914999999997,2.9116995,1.5532457499999999,0.9372951768900705,3.626264999999999,3.441871,1.8131324999999996,0.9491504344001337
ct_041_L,20,20,20,3.2470985,3.1704879999999998,1.62354925,0.9764064748882733,1.0534890999999997,0.8882968000000002,0.5267445499999999,0.8431950553641233,2.5124025000000003,2.538921,1.2562012500000002,1.0105550364641016
ct_041_R,20,20,20,3.5516780000000003,3.4350355,1.7758390000000002,0.9671584811460948,1.646106,1.4305275,0.823053,0.8690372916446449,3.209458,3.0135630000000004,1.604729,0.9389632143495881
ct_042_L,20,20,20,3.418428000000001,3.3004835,1.7092140000000005,0.9654974450244378,1.629148,1.4676294999999997,0.814574,0.9008570737587989,2.886389,2.7669495,1.4431945,0.9586197494516505
ct_042_R,20,20,20,3.9085924999999997,3.7751070000000007,1.9542962499999998,0.965848192156128,1.9963499999999996,1.9703164999999998,0.9981749999999998,0.9869594509980716,2.9107190000000003,2.7697650000000005,1.4553595000000001,0.9515741643215989
ct_043_L,20,20,20,3.06229,2.9570305,1.531145,0.9656271940279987,1.5353019999999997,1.3389645,0.7676509999999999,0.8721179937237105,2.543523,2.3734650000000004,1.2717615,0.9331407657803764
ct_043_R,20,20,20,3.0729935000000004,2.8164160000000003,1.5364967500000002,0.916505680861349,1.4548774999999998,1.0631495999999998,0.7274387499999999,0.7307485338112658,2.3347869999999995,2.281942,1.1673934999999998,0.9773662436873258
ct_044_L,20,20,20,4.167634,3.9883334999999995,2.083817,0.9569778680181609,2.5639975,2.3080880000000006,1.28199875,0.9001912053346388,2.34148,2.2352705000000004,1.17074,0.9546400140082344
ct_045_L,20,20,20,4.010478999999999,3.867208500000001,2.0052394999999996,0.9642759630458112,1.4533915,1.5555205,0.72669575,1.0702694353173252,3.5754415,3.3742695000000005,1.78772075,0.9437350604114206
ct_045_R,20,20,20,5.059976,4.911521499999999,2.529988,0.9706610268507201,3.1207365,3.1265405,1.56036825,1.0018598173860562,3.3853715,3.3600669999999995,1.69268575,0.9925253402765396
ct_046_L,20,20,20,3.8607419999999992,3.407349,1.9303709999999996,0.88256324820462,1.7896360000000002,1.463026,0.8948180000000001,0.8174992009548309,2.706432,2.5371164999999998,1.353216,0.9374395883583995
ct_046_R,20,20,20,3.315206,3.1340995,1.657603,0.945370966389419,1.7951785,1.7052015,0.89758925,0.9498785218294449,2.374141,2.3035430000000003,1.1870705,0.970263771191349
ct_047_L,20,20,20,3.212352,3.1857819999999997,1.606176,0.9917288018249555,1.9869625,1.934038,0.99348125,0.9733641173399095,2.756508,2.698481,1.378254,0.9789490906610828
ct_048_L,14,20,20,4.196737857142857,4.000910714285714,2.0983689285714284,0.953338247581072,2.4893395,2.282103,1.24466975,0.9167504070858958,3.082729,2.980674,1.5413645,0.9668945924211957
ct_048_R,20,20,20,3.7178994999999992,3.5363265,1.8589497499999996,0.9511624776301781,2.1589219999999996,2.0510045,1.0794609999999998,0.9500132473521509,2.5215595,2.2343830000000002,1.26077975,0.8861115512047208
ct_049_L,20,20,20,4.425162,4.358341,2.212581,0.9848997618618256,2.601413,2.417132,1.3007065,0.929161190476099,4.2794325,4.1749445,2.13971625,0.9755836784433448
ct_049_R,20,20,20,4.7245055,4.616685500000001,2.36225275,0.9771785639788123,2.355993,2.2886414999999998,1.1779965,0.9714126909545148,3.9913420000000004,3.8785339999999997,1.9956710000000002,0.971736824356319
ct_050_L,20,20,20,3.425284,3.333414500000001,1.712642,0.9731790123096364,1.7769225,1.7571204999999999,0.88846125,0.9888560136978399,2.8772185,2.8329275000000003,1.43860925,0.9846063133543734
ct_050_R,14,20,20,5.002520714285715,4.508463571428571,2.5012603571428573,0.9012383614032295,2.2816064999999996,2.1586575,1.1408032499999998,0.9461129690855984,2.5539460000000007,2.6166415,1.2769730000000004,1.0245484830141276
ct_051_L,20,20,20,2.827623,2.6835304999999994,1.4138115,0.9490411204039575,1.27271,1.1675528499999999,0.636355,0.9173754036661925,2.2109409999999996,2.2453865,1.1054704999999998,1.0155795654429496
ct_051_R,20,20,20,2.7916630000000002,2.6781639999999998,1.3958315000000001,0.9593435883915786,2.0237260000000004,1.8708630000000004,1.0118630000000002,0.924464576726296,2.2302180000000003,2.1679995,1.1151090000000001,0.9721020545973532
ct_052_L,20,20,20,3.1334329999999997,3.0580670000000003,1.5667164999999998,0.97594778634169,1.9290499999999997,1.8024895,0.9645249999999999,0.9343923174619633,2.3764089999999998,2.361772,1.1882044999999999,0.9938407067133648
ct_052_R,20,20,20,3.000707,2.8329580000000005,1.5003535,0.9440968411777627,1.2307080000000001,1.1134655,0.6153540000000001,0.9047357293525352,2.722574,2.5956035,1.361287,0.9533638020490904
ct_053_L,20,20,20,3.9419910000000002,3.613011,1.9709955000000001,0.9165447105282585,1.821685,1.5107065,0.9108425,0.8292907390684997,3.098894,2.9659169999999997,1.549447,0.9570888839695709
ct_053_R,20,20,20,3.884993,3.8172554999999995,1.9424965,0.9825643186487079,2.0283489999999995,1.7744515,1.0141744999999998,0.8748255354477955,3.178699,2.9109815,1.5893495,0.9157776499127473
ct_054_L,20,20,18,4.7642485,4.268281,2.38212425,0.8958980624121516,1.173065,1.1185329999999998,0.5865325,0.9535132324295753,3.4107916666666664,3.0435950000000003,1.7053958333333332,0.8923426868151335
ct_054_R,20,20,20,3.965974,3.7534155000000005,1.982987,0.9464044645779323,2.9917185,2.8117975,1.49585925,0.9398603177404558,3.2068954999999995,3.070575,1.6034477499999997,0.957491443048269
ct_055_L,20,20,20,3.669336,3.6089244999999996,1.834668,0.9835361220667717,1.947505,1.9011980000000002,0.9737525,0.9762223973751031,3.0461845,2.8981565,1.52309225,0.9514054385084029
ct_055_R,20,20,20,3.6355150000000003,3.5249,1.8177575000000001,0.9695737742795725,1.7717640000000003,1.7969969999999997,0.8858820000000002,1.0142417387417282,2.7758645000000004,2.7233084999999995,1.3879322500000002,0.9810667991899458
ct_056_L,20,20,20,3.9703740000000005,3.7994805,1.9851870000000003,0.9569578331915329,2.009387,1.8648095000000002,1.0046935,0.9280489522426494,3.180873,2.749922,1.5904365,0.8645180112503706
ct_056_R,20,20,20,3.590008,3.2633785000000004,1.795004,0.9090170551151976,2.3074035,1.9666790000000003,1.15370175,0.8523342362963393,3.2470014999999997,3.0240234999999998,1.6235007499999998,0.9313280267964151
ct_057_L,20,20,20,3.6225429999999994,3.383082999999999,1.8112714999999997,0.9338972649876067,1.323477,0.9401762999999999,0.6617385,0.7103835578555576,3.0052165000000004,2.8698905000000003,1.5026082500000002,0.9549696336353803
ct_057_R,20,20,20,4.030568499999999,3.8680314999999994,2.0152842499999997,0.9596739268914547,1.8833995000000001,1.6621884999999998,0.9416997500000001,0.882546958305978,3.1259849999999996,2.911809,1.5629924999999998,0.931485275841055
ct_058_L,16,20,20,3.1283625,2.9960875,1.56418125,0.9577174959743315,2.626824,2.4246655,1.313412,0.9230407138049599,3.5835885000000003,3.3717230000000002,1.7917942500000001,0.940878954154474
ct_058_R,14,20,20,3.9840871428571423,3.7946150000000007,1.9920435714285711,0.9524427714396669,2.803032,2.699936,1.401516,0.9632198276723206,3.1416505,2.971309,1.57082525,0.945779614887143
ct_059_L,20,20,20,3.6064160000000003,3.486687,1.8032080000000001,0.9668011122399633,2.2682430000000005,2.065047,1.1341215000000002,0.9104170055853802,3.2132925,3.1442025,1.60664625,0.9784986894283667
ct_059_R,20,20,20,3.7472300000000005,3.6225034999999997,1.8736150000000003,0.9667150134899644,2.2446075,2.2145655,1.12230375,0.9866159228283787,3.114566,3.132279,1.557283,1.005687148707075
ct_060_L,20,20,20,4.0476035,3.723776,2.02380175,0.9199952515111719,2.741187,2.439826,1.3705935,0.8900618600628122,3.4383290000000004,3.2093665000000002,1.7191645000000002,0.9334087866518881
ct_060_R,14,20,20,3.920377142857143,3.701459285714286,1.9601885714285714,0.9441589803313384,1.7741209999999998,1.7050900000000002,0.8870604999999999,0.9610900271176546,3.3598165,2.9971370000000004,1.67990825,0.8920537773417091
ct_061_L,20,20,20,4.603847999999999,4.4772945,2.3019239999999996,0.9725113644064706,2.6373155,2.593788,1.31865775,0.9834955279336127,3.4188465,3.3217965000000005,1.70942325,0.9716132327087516
ct_061_R,20,20,20,4.118661500000001,4.0380845,2.0593307500000004,0.9804361198413609,1.9852910000000001,1.9939540000000004,0.9926455000000001,1.004363592037641,3.576317999999999,3.480594000000001,1.7881589999999996,0.9732339238289217
ct_062_L,14,20,20,4.246632142857143,4.185702142857143,2.1233160714285715,0.985652159652565,1.5669834999999999,1.511171,0.7834917499999999,0.9643822031310477,2.8730944999999997,2.8182835,1.4365472499999998,0.9809226602187991
ct_062_R,20,20,20,4.173603499999999,4.0176435,2.0868017499999993,0.9626318120540204,2.4489130000000006,2.1445924999999995,1.2244565000000003,0.8757324167906329,3.4406170000000005,3.2220375,1.7203085000000002,0.936470842293693
ct_063_L,20,20,20,4.139995000000001,3.8624795000000005,2.0699975000000004,0.9329671895739005,2.5916625,2.4235170000000004,1.29583125,0.9351206030877864,2.9297925,2.7061444999999997,1.46489625,0.9236642185410741
ct_064_L,20,20,20,4.200229,3.8900425000000007,2.1001145,0.9261500980065612,2.3047174999999998,2.0923309999999997,1.1523587499999999,0.9078470571772896,3.1155125,3.0260575000000003,1.55775625,0.9712872280242818
ct_064_R,20,20,20,3.6069755,3.4920465,1.80348775,0.9681370167332713,0.7803710500000001,0.9489796,0.39018552500000003,1.2160620258785868,3.3962514999999995,3.3156575000000004,1.6981257499999998,0.9762697197189315
ct_065_L,20,20,20,4.060259,3.8429305000000014,2.0301295,0.9464742273830318,2.0154015000000003,1.9070835,1.0077007500000001,0.9462548777501653,3.4568044999999996,3.3405725000000004,1.7284022499999998,0.9663758826974452
ct_065_R,20,20,20,4.613036500000001,4.336524000000002,2.3065182500000003,0.9400584625766566,2.195960500000001,1.9948394999999999,1.0979802500000004,0.9084131977783749,3.3481805000000002,3.0622359999999995,1.6740902500000001,0.9145970475606077
ct_066_L,18,20,20,3.8783922222222227,3.7323638888888886,1.9391961111111113,0.9623482296358197,2.1017265000000003,2.1784255,1.0508632500000001,1.0364933306022452,3.6181415,3.332596,1.80907075,0.9210795100191631
ct_066_R,20,20,20,3.9555575000000003,3.8388125000000004,1.9777787500000001,0.9704858291151122,3.2180535,3.0156359999999998,1.60902675,0.9370993987514502,3.2453070000000004,3.079128,1.6226535000000002,0.948794058620648
ct_067_L,8,20,20,3.34139375,3.2097249999999997,1.670696875,0.9605946620328717,1.4558365000000002,1.504955,0.7279182500000001,1.0337390222047598,2.8246335,2.7722780000000005,1.41231675,0.9814646749746473
ct_067_R,16,20,20,4.26082625,3.92623625,2.130413125,0.9214729772189139,2.2800599999999998,2.3088939999999996,1.1400299999999999,1.012646158434427,3.0662499999999997,2.844874,1.5331249999999998,0.9278023644516918
ct_068_L,20,20,20,3.5545925000000005,3.2919070000000006,1.7772962500000002,0.9260996865322819,1.3064490000000002,1.0745541500000002,0.6532245000000001,0.8224998832713715,2.9406495,2.72438,1.47032475,0.9264551929769257
ct_068_R,18,20,20,3.708889444444445,3.4255,1.8544447222222225,0.9235918328951717,2.466323,2.3114079999999997,1.2331615,0.9371878703641006,2.665753,2.423533,1.3328765,0.9091363678480339
ct_069_L,20,20,20,3.605306999999999,3.3473975000000005,1.8026534999999995,0.9284639283145656,2.3922915000000002,2.2674175000000005,1.1961457500000001,0.9478015116468876,2.7322610000000003,2.5738685,1.3661305000000001,0.942028781291392
ct_069_R,20,20,20,3.9048415,3.6434225,1.95242075,0.9330525963729898,1.9950734999999997,1.9494250000000002,0.9975367499999999,0.9771193893357816,2.4355640000000003,2.1850794999999996,1.2177820000000001,0.8971554432566746
ct_070_L,20,20,20,3.13685,2.9140805,1.568425,0.9289830562506973,2.2225249999999996,1.9845864999999996,1.1112624999999998,0.8929422616168546,3.0892030000000004,2.716882,1.5446015000000002,0.8794766805548226
ct_070_R,20,20,20,3.4223425,3.2345684999999995,1.71117125,0.9451329023906869,2.530836,2.2059585000000004,1.265418,0.8716323380890744,2.878461,2.5029510000000004,1.4392305,0.8695448713739738
ct_071_L,20,20,20,4.385468000000001,4.2374875,2.1927340000000006,0.9662566230103604,2.5276425,2.5307674999999996,1.26382125,1.0012363299002924,3.2152884999999998,3.1220805,1.6076442499999999,0.971010999479518
ct_071_R,20,20,20,5.5403745,5.345371,2.77018725,0.9648031915532064,2.8088755,2.6959285,1.40443775,0.9597892466220023,3.3784899999999993,3.1579740000000003,1.6892449999999997,0.9347294205399457
ct_072_L,20,20,20,3.4489764999999997,3.234422,1.7244882499999998,0.9377918347660531,2.0779635,1.8370285000000002,1.03898175,0.8840523425940832,2.6931154999999998,2.6040559999999995,1.3465577499999999,0.9669306793563067
ct_072_R,20,20,20,3.5163405000000005,3.3283100000000005,1.7581702500000003,0.9465266517847176,1.28206,1.15110135,0.64103,0.8978529475999564,2.431909,2.2339395,1.2159545,0.9185950214420029
ct_073_L,10,20,20,5.555909,5.150685,2.7779545,0.927064320167951,3.549299,3.3075345,1.7746495,0.9318838734071151,3.862255499999999,3.6993905,1.9311277499999995,0.9578316349086695
ct_073_R,20,20,20,5.2786975,5.0676715,2.63934875,0.960023092817878,3.4464905000000003,3.3517289999999997,1.7232452500000002,0.9725049292896641,3.0720025000000004,2.8433230000000003,1.5360012500000002,0.92556011917308
ct_074_L,20,20,20,3.3695120000000003,3.1178909999999997,1.6847560000000001,0.9253242012493202,1.2779669999999999,1.2607195,0.6389834999999999,0.986503955109952,3.1062114999999997,2.9258545,1.5531057499999998,0.9419366646475941
ct_074_R,20,20,20,4.0088755,3.934892,2.00443775,0.9815450741735431,2.6128444999999996,2.5843200000000004,1.3064222499999998,0.9890829706857798,2.7025205,2.724801,1.35126025,1.0082443407922346
ct_075_L,4,20,20,4.9236575,4.8053799999999995,2.46182875,0.9759777157529742,2.9422650000000004,2.7486735,1.4711325000000002,0.934203241380365,3.7462774999999993,3.5282955,1.8731387499999996,0.9418137070732215
ct_075_R,20,20,20,4.4150030000000005,3.880101,2.2075015000000002,0.8788444764363692,1.5955365000000001,1.3654709999999999,0.7977682500000001,0.8558068085562441,4.0211535000000005,3.5736845,2.0105767500000002,0.888721233844965
ct_076_L,20,20,20,3.6647709999999996,3.3088155,1.8323854999999998,0.9028710115857173,2.2922905,2.0168589999999997,1.14614525,0.8798444176250784,3.3247075,3.1789169999999998,1.66235375,0.9561493755465705
ct_076_R,20,20,14,4.056125499999999,3.803111499999999,2.0280627499999997,0.9376217525813735,2.5515695,2.2461515,1.27578475,0.8803019082960507,2.6383671428571422,1.9302507142857146,1.3191835714285711,0.7316080779399816
ct_077_L,16,20,20,4.2972931249999995,4.136514375000001,2.1486465624999997,0.9625860407183653,2.3852230000000003,2.2610504999999996,1.1926115000000002,0.9479409262781716,3.3014215,2.8490790000000006,1.65071075,0.8629855351702291
ct_077_R,20,20,20,3.856407,3.6708655,1.9282035,0.9518874693464668,2.3771195,2.2509284999999997,1.18855975,0.946914322144932,3.412829000000001,3.1740524999999997,1.7064145000000004,0.9300356097536674
ct_078_L,20,20,20,4.119324000000001,3.886973499999999,2.0596620000000003,0.9435949927706581,2.8234045,2.5375295,1.41170225,0.8987481248258973,3.550204,3.397489,1.775102,0.9569841620368859
ct_078_R,20,20,20,4.7987685,4.492577500000001,2.39938425,0.9361938380649121,2.9268154999999996,2.619565,1.4634077499999998,0.8950222520005107,3.2971610000000005,2.8495269999999997,1.6485805000000002,0.864236535613517
ct_079_L,20,20,20,4.466485500000001,4.411473,2.2332427500000005,0.9876832690937872,3.0086845,2.8572335000000004,1.50434225,0.9496620532993739,3.6141465000000004,3.216623,1.8070732500000002,0.8900090242606379
ct_079_R,20,20,20,4.3555155,4.073349499999999,2.17775775,0.9352163940181131,2.7070214999999997,2.4843664999999993,1.3535107499999999,0.9177490832636532,3.6723529999999998,3.3616055000000005,1.8361764999999999,0.9153819090920727
ct_080_L,20,20,20,4.0144575,3.9240764999999995,2.00722875,0.9774861235920419,2.2933345000000003,2.0798755,1.1466672500000001,0.9069219950251478,3.2035635,2.860151,1.60178175,0.8928029676951932
ct_080_R,20,20,20,3.6706115000000006,3.5562885,1.8353057500000003,0.9688545083019544,1.2521075000000002,1.2990555000000001,0.6260537500000001,1.0374951831212575,3.016067,2.790576,1.5080335,0.9252367404305011
ct_081_L,20,20,20,3.7229155,3.657669,1.86145775,0.9824743537692434,1.533249,1.3071495,0.7666245,0.8525356938109856,3.2342855,3.0528325,1.61714275,0.9438970369189733
ct_081_R,20,20,20,3.8468019999999994,3.7234795000000007,1.9234009999999997,0.9679415524895748,2.4070434999999994,2.109492,1.2035217499999997,0.8763829984792549,3.1402020000000004,3.0502745000000004,1.5701010000000002,0.9713625110741284
ct_082_L,20,20,20,4.588482000000001,4.3973390000000006,2.2942410000000004,0.9583428680770677,2.7186975,2.5733695,1.35934875,0.9465449907538444,3.4455400000000003,3.3678660000000002,1.7227700000000001,0.9774566541093703
ct_082_R,20,20,20,5.0026965,4.827135500000001,2.50134825,0.9649067258027747,2.9724014999999997,2.9475065000000003,1.4862007499999998,0.9916246173338295,4.167019,3.833286499999999,2.0835095,0.9199109723281798
ct_083_L,20,20,20,4.365588000000001,4.232313499999999,2.1827940000000003,0.9694715809187671,3.182164,2.9191345,1.591082,0.9173425693961719,3.0683564999999997,2.9585725,1.5341782499999999,0.964220585189498
ct_084_L,20,20,20,3.8029655,3.6325935,1.90148275,0.9552002246667765,2.6458445,2.4952315,1.32292225,0.9430756418224882,3.1488300000000002,3.030097,1.5744150000000001,0.9622929786619157
ct_084_R,20,20,20,3.8817345000000003,3.7150000000000007,1.9408672500000002,0.9570463925340593,2.6922665,2.527513,1.34613325,0.9388049065722134,3.0755794999999995,2.904968,1.5377897499999997,0.9445270395384027
ct_085_L,20,20,20,3.4109454999999995,3.3336185,1.7054727499999998,0.9773297462536416,2.011646,1.8862325000000002,1.005823,0.9376562774961401,2.9139304999999998,2.7952745,1.4569652499999999,0.9592797426019599
ct_085_R,20,20,20,3.4459984999999995,3.3489569999999995,1.7229992499999998,0.9718393667321678,1.7633195000000002,1.8261300000000003,0.8816597500000001,1.0356206008043354,3.1978985,2.9702900000000003,1.59894925,0.9288256021884373
ct_086_L,20,20,20,4.101708499999999,3.958080999999999,2.0508542499999995,0.9649834940732623,2.5499555000000003,2.166931,1.2749777500000001,0.8497916924432601,3.10438,3.1086645000000006,1.55219,1.001380146760384
ct_086_R,20,20,20,4.2601095,4.198066,2.13005475,0.9854361724739703,2.1952005000000003,2.2120119999999996,1.0976002500000002,1.0076582981827853,3.2910705,3.0146845,1.64553525,0.9160194228595224
ct_087_L,20,20,20,5.798066,5.228155000000001,2.899033,0.901706707029551,2.450626,2.4727855,1.225313,1.0090423834563087,2.9730274999999997,2.9390570000000005,1.4865137499999999,0.9885737686583796
ct_087_R,6,20,20,4.344576666666666,4.010578333333334,2.172288333333333,0.9231229279722692,2.0603895,1.9311875,1.03019475,0.9372924391237677,3.3092604999999997,2.9863665,1.6546302499999999,0.9024271434660402
ct_088_L,20,20,20,3.3280915,3.1362650000000003,1.66404575,0.9423614104359811,1.746344,1.5720300000000003,0.873172,0.9001834690072519,2.7431605,2.5136060000000002,1.37158025,0.9163175104045134
ct_088_R,18,20,20,3.654952777777778,3.3236077777777777,1.827476388888889,0.9093435619703248,1.8930349999999998,1.6738465000000002,0.9465174999999999,0.8842131814784198,3.360017,2.9571944999999995,1.6800085,0.8801129577618207
ct_089_L,10,20,20,3.909098,3.858726,1.954549,0.9871141629091927,2.1842289999999998,2.174551,1.0921144999999999,0.9955691459091517,3.2071475000000005,3.0932855000000004,1.6035737500000002,0.9644974233333515
ct_089_R,20,20,20,3.6170955,3.2078329999999995,1.80854775,0.8868532777196508,2.3310415,2.2584720000000003,1.16552075,0.9688682076230734,2.8447875000000002,2.7080355000000003,1.4223937500000001,0.951928922634819
ct_090_L,20,20,20,3.851397,3.5287255,1.9256985,0.9162196210881403,2.244682,2.1409465000000005,1.122341,0.9537861042232265,3.2259994999999995,3.1224005,1.6129997499999997,0.9678862318484551
ct_090_R,20,20,18,4.066914999999999,3.8962445000000003,2.0334574999999995,0.9580344069153157,2.4159889999999997,2.2408194999999997,1.2079944999999999,0.9274957377703292,3.0752577777777774,2.8104883333333333,1.5376288888888887,0.9139033331261842
ct_131_L,14,20,20,3.730097857142858,3.491642142857143,1.865048928571429,0.9360725312262009,1.2862600000000002,0.9670711500000001,0.6431300000000001,0.7518473325766174,2.433917,2.2862445000000005,1.2169585,0.9393272243876847
ct_131_R,20,20,20,3.4665334999999997,3.306069999999999,1.7332667499999999,0.9537106737898248,1.4594425000000002,1.4643184999999999,0.7297212500000001,1.0033410017866409,2.4007885,2.1946130000000004,1.20039425,0.9141217562479995
ct_132_L,20,20,20,3.7172445000000005,3.6584900000000005,1.8586222500000003,0.9841940717109138,2.616256,2.5611425,1.308128,0.9789342098020989,2.0343575,1.9676749999999998,1.01717875,0.967221837852983
ct_132_R,20,20,20,3.407841,3.2303705000000003,1.7039205,0.9479228931161989,1.2702775000000002,1.0776900500000002,0.6351387500000001,0.8483894660812303,3.0123155,2.863847,1.50615775,0.9507128320390078
ct_133_L,20,20,20,4.2523365,4.097843,2.12616825,0.9636685619776327,1.9623495000000002,1.7824640000000003,0.9811747500000001,0.90833156886681,2.874591,2.7458555,1.4372955,0.9552160637808995
ct_134_L,14,20,20,4.343033571428571,4.253786428571429,2.1715167857142856,0.9794505058758305,2.9045555,2.7564695,1.45227775,0.949015950977697,3.4400954999999995,3.32295,1.7200477499999998,0.965947020947529
ct_135_L,10,20,20,3.5265299999999997,3.128421,1.7632649999999999,0.8871102755399785,1.4317135,1.07534265,0.71585675,0.7510878747738287,2.9075665,2.7295705000000003,1.45378325,0.9387817957044148
ct_135_R,20,20,20,3.743863,3.5031149999999998,1.8719315,0.9356952965426352,2.5123365,2.113767,1.25616825,0.8413550493733623,2.8417909999999997,2.5371520000000003,1.4208954999999999,0.8928003502016864
ct_136_L,20,20,12,3.996819,3.7761905,1.9984095,0.9447989763859709,2.311047,2.1225665,1.1555235,0.9184436750961794,2.8719699999999997,2.7804366666666667,1.4359849999999998,0.9681287292926691
ct_136_R,20,20,20,3.8506949999999995,3.722054,1.9253474999999998,0.9665927839000493,2.3664459999999994,2.1916024999999997,1.1832229999999997,0.9261155758466495,3.1449624999999997,3.102664,1.5724812499999998,0.9865503960699055
ct_137_L,20,20,20,3.7745539999999997,3.59431,1.8872769999999999,0.9522476032929984,1.53994,1.643474,0.76997,1.067232489577516,2.5977875,2.4743665,1.29889375,0.9524899553947349
ct_137_R,20,20,20,4.6679615000000005,4.495941,2.3339807500000003,0.9631486892083406,2.0475965,1.7759535,1.02379825,0.8673356786847408,2.870626,2.647496,1.435313,0.9222713094635107
ct_138_L,20,20,20,3.4412554999999996,3.315523,1.7206277499999998,0.9634631895248698,2.1526050000000003,2.0720045,1.0763025000000002,0.962556762620174,3.1288434999999994,2.983568,1.5644217499999997,0.9535689464813438
ct_138_R,20,20,20,3.0717595,2.9697155000000004,1.53587975,0.9667799513601244,2.378638,2.15303,1.189319,0.9051524443820372,2.7532794999999997,2.5777295000000002,1.3766397499999998,0.9362396734512426
ct_139_L,8,20,20,2.8352199999999996,2.8394925,1.4176099999999998,1.001506937733227,1.8588279999999997,1.6558609999999998,0.9294139999999999,0.8908091550159564,3.026002,2.7953270000000003,1.513001,0.9237690523667864
ct_139_R,14,20,20,4.6301885714285715,4.196452142857144,2.3150942857142858,0.9063242410367738,2.2849285,2.09171,1.14246425,0.9154378353633386,2.1470980000000006,2.0500610000000004,1.0735490000000003,0.9548055095761814
ct_140_L,20,20,20,3.1202905,2.87907,1.56014525,0.922692935161005,1.6090624999999998,1.6648699999999999,0.8045312499999999,1.0346832394639736,2.8470090000000003,2.7606135,1.4235045000000002,0.9696539420844822
ct_140_R,20,20,20,3.0177224999999996,2.7080619999999995,1.5088612499999998,0.8973860253883515,0.8550470500000001,0.7416298,0.42752352500000007,0.8673555449375562,2.7111355,2.3233775000000003,1.35556775,0.8569757948284031
ct_141_L,20,20,20,3.8924769999999995,3.748258500000001,1.9462384999999998,0.9629494278322007,2.1296985,2.0686624999999994,1.06484925,0.9713405442131829,3.0483139999999995,2.8472740000000005,1.5241569999999998,0.934048788937098
ct_141_R,20,20,20,3.575577499999999,3.4207479999999997,1.7877887499999996,0.956698043882422,1.7389435000000002,1.548995,0.8694717500000001,0.8907678714115782,3.0559054999999993,2.7176235,1.5279527499999996,0.8893022051892642
ct_142_L,20,20,20,4.104619,3.8939014999999997,2.0523095,0.9486633229539697,2.7822970000000002,2.6378375000000007,1.3911485000000001,0.9480790512299732,3.3347294999999995,3.078265,1.6673647499999997,0.9230928625545192
ct_142_R,20,20,20,3.4197729999999993,3.3619745,1.7098864999999996,0.9830987319918605,2.5756755,2.2641524999999993,1.28783775,0.8790519224956713,3.545191,3.221714,1.7725955,0.9087561149737772
ct_143_L,20,20,20,3.196975,3.1030165,1.5984875,0.9706101861916342,1.5690089999999999,1.512232,0.7845044999999999,0.9638134644224476,2.8175209999999997,2.6666380000000003,1.4087604999999999,0.9464483139611028
ct_143_R,20,20,20,3.5759205,3.3870855,1.78796025,0.9471926179566911,2.8856545000000002,2.745433,1.4428272500000001,0.951407384355958,2.6428585,2.5394004999999997,1.32142925,0.9608537498318581
ct_144_L,18,20,20,3.805031111111111,3.5393433333333335,1.9025155555555555,0.9301746109244837,1.7165434999999998,1.512872,0.8582717499999999,0.8813478947664305,3.0959395,2.8850744999999995,1.54796975,0.9318898189063447
ct_144_R,20,20,20,3.362830999999999,3.1025295,1.6814154999999995,0.9225945341886052,1.8919555000000003,1.9316030000000002,0.9459777500000002,1.0209558311493054,2.887268,2.6703020000000004,1.443634,0.9248542220535123
ct_145_L,20,20,20,3.9623079999999993,3.8740490000000003,1.9811539999999996,0.9777253560298698,2.9197845,2.7369535000000003,1.45989225,0.9373820225431022,2.9280265,2.7217665,1.46401325,0.9295566484797867
ct_146_L,20,20,20,5.309221,5.1257530000000004,2.6546105,0.9654435179850303,3.180813,2.9751485,1.5904065,0.93534215937875,3.608124,3.3205175,1.804062,0.9202891862918235
ct_146_R,12,20,20,4.870309166666666,4.7620875,2.435154583333333,0.9777793025117674,3.0084415,2.8778955,1.50422075,0.9566067679893394,3.856366,3.793958,1.928183,0.9838168887496674
ct_147_L,20,20,20,3.1965355000000004,3.0291375,1.5982677500000002,0.9476314278380452,1.979909,1.9092894999999999,0.9899545,0.9643319465692615,3.2391370000000004,3.0730239999999993,1.6195685000000002,0.9487168958892442
ct_147_R,20,20,20,3.6105195,3.4223310000000007,1.80525975,0.947877722305613,1.9425640000000002,1.7902799999999999,0.9712820000000001,0.9216067012463938,3.0969674999999994,2.928835,1.5484837499999997,0.9457106023876584
ct_148_L,20,20,20,3.632956499999999,3.5597705,1.8164782499999994,0.979854974866889,1.95436,1.7776485000000004,0.97718,0.9095808858142821,3.3895229999999996,3.1754895,1.6947614999999998,0.9368543892459205
ct_148_R,20,20,20,3.424409,3.3458639999999997,1.7122045,0.9770631954302187,1.936534,1.843216,0.968267,0.9518118452864758,2.949485,2.7481105,1.4747425,0.9317255385262173
ct_149_L,20,20,20,3.656513499999999,3.5075350000000007,1.8282567499999995,0.9592566798946597,2.1879684999999998,1.9806929999999998,1.0939842499999999,0.9052657750785718,2.8855070000000005,2.8035635,1.4427535000000002,0.9716016977259108
ct_149_R,20,20,20,2.5142634999999998,2.4990895,1.2571317499999999,0.9939648330415648,0.73933815,0.8460966000000001,0.369669075,1.1443973234709992,2.515781,2.3159739999999998,1.2578905,0.9205785400239527
ct_150_L,20,20,20,3.3669055,3.1871039999999993,1.68345275,0.946597402273393,1.7052470000000004,1.6710394999999998,0.8526235000000002,0.9799398562202423,2.658566,2.4290575,1.329283,0.9136720698301264
ct_150_R,20,20,20,3.147685,3.0994515,1.5738425,0.9846765162333587,1.9992249999999998,1.8470140000000002,0.9996124999999999,0.9238649976866037,2.3928800000000003,2.306633,1.1964400000000002,0.9639568219049847
ct_151_L,20,20,20,3.391549,3.277686,1.6957745,0.9664274347798013,1.8922250000000003,1.8859355,0.9461125000000001,0.9966761352376169,2.6905685000000004,2.541182,1.3452842500000002,0.9444777191140087
ct_151_R,20,20,20,3.1456704999999996,3.0401525,1.5728352499999998,0.9664561180199899,0.9790774000000001,0.8664991500000001,0.48953870000000005,0.8850159854573295,3.2005904999999997,2.8734925000000002,1.6002952499999998,0.897800733958312
ct_152_L,20,20,20,2.7313885,2.6516300000000004,1.36569425,0.9707992839539306,2.167430499999999,2.072708,1.0837152499999996,0.9562973299489883,2.879669,2.8935025000000003,1.4398345,1.0048038507203434
ct_152_R,20,20,20,3.4247235,3.2581630000000006,1.71236175,0.951365270802154,1.866291,1.8697689999999998,0.9331455,1.0018635893330674,2.7819744999999996,2.7372694999999996,1.3909872499999998,0.9839304781549939
ct_153_L,20,20,20,2.7767815,2.5257910000000003,1.38839075,0.9096110010816482,2.064307,1.9249050000000003,1.0321535,0.9324703157040113,2.7574880000000004,2.6315394999999997,1.3787440000000002,0.9543249145599181
ct_153_R,20,20,20,3.4146794999999996,3.1543505,1.7073397499999998,0.923761805463734,0.6670554,0.7577961500000001,0.3335277,1.1360318048545894,2.9920249999999995,2.915571,1.4960124999999997,0.974447406021006
ct_154_L,16,20,20,4.3206412499999995,4.059059375,2.1603206249999998,0.9394576268048176,2.479428,2.19134,1.239714,0.8838086849063573,2.7428545,2.550826,1.37142725,0.9299895419170064
ct_154_R,20,20,20,3.7024839999999997,3.548937,1.8512419999999998,0.9585286526558927,1.5465354999999998,1.2472755000000002,0.7732677499999999,0.806496520771751,2.860852,2.392566,1.430426,0.8363123992433024
ct_155_L,20,20,20,4.460449000000001,4.3382005,2.2302245000000007,0.9725927815787152,3.0452615,2.6746010000000005,1.52263075,0.8782828666766386,3.5366185000000003,3.4411274999999995,1.7683092500000002,0.9729993495198872
ct_155_R,20,20,20,3.2616055000000004,2.994244,1.6308027500000002,0.9180276400686717,2.379257,2.168437,1.1896285,0.9113925061479277,3.1495780000000004,2.992095,1.5747890000000002,0.9499986982383035
ct_156_L,20,20,20,4.2129010000000005,4.103032,2.1064505000000002,0.9739208208310614,3.0178269999999996,2.876638,1.5089134999999998,0.9532150119937294,3.7042075,3.4433540000000002,1.85210375,0.929579133998298
ct_156_R,20,20,20,3.73904,3.646089000000001,1.86952,0.9751404103727161,2.358273,2.226578,1.1791365,0.9441561685182335,3.1575914999999997,3.1684824999999996,1.5787957499999998,1.003449147871091
ct_157_L,20,20,20,4.431878000000001,4.178090999999999,2.2159390000000005,0.9427360139426216,1.5813635000000001,1.7034060000000004,0.7906817500000001,1.0771754881151616,3.2926305,3.0851290000000002,1.64631525,0.93698002250784
ct_157_R,20,20,18,4.713101499999999,4.323067,2.3565507499999994,0.9172446211905263,2.7497945,2.6388870000000004,1.37489725,0.9596669860238648,2.4128461111111115,2.2643838888888888,1.2064230555555557,0.9384700824729115
ct_158_L,20,20,20,4.2157005,4.06971,2.10785025,0.9653698122055872,1.4325459999999999,1.318464,0.7162729999999999,0.9203641628261852,4.0205065000000015,3.823361,2.0102532500000008,0.9509650090106802
ct_158_R,20,20,20,4.717743499999999,4.600311,2.3588717499999996,0.9751083330409973,3.062169,2.9006145,1.5310845,0.9472418080125559,3.730717,3.4781065,1.8653585,0.9322890211184607
ct_159_L,18,20,20,4.555274444444445,4.3681527777777776,2.2776372222222223,0.9589219773805554,3.123957,2.7333529999999997,1.5619785,0.8749649883144998,3.313189,3.123251,1.6565945,0.942672150607768
ct_160_L,20,20,20,3.3214585,3.0557545,1.66072925,0.9200038176000092,1.9377465,1.7311780000000003,0.96887325,0.8933975625810705,2.6142099999999995,2.2863165,1.3071049999999997,0.8745726242344725
ct_160_R,16,20,20,2.922548125,2.722121875,1.4612740625,0.9314207186921858,1.8956545000000005,1.724962,0.9478272500000002,0.9099559017742946,2.6220155,2.5666109999999995,1.31100775,0.9788694994365974
ct_161_L,20,20,20,5.331483999999999,5.193623500000001,2.6657419999999994,0.9741421900544018,3.1280495000000004,2.8981279999999994,1.5640247500000002,0.9264968473165144,3.7193365,3.5548035,1.85966825,0.95576280876979
ct_161_R,20,20,20,4.730849000000001,4.265364000000001,2.3654245000000005,0.9016064558391105,2.2165225000000004,1.9297255,1.1082612500000002,0.8706094794887034,3.5425510000000004,3.1822155000000003,1.7712755000000002,0.8982836097490198
ct_162_L,20,20,20,3.3869305000000005,3.077421,1.6934652500000003,0.9086165187032919,1.0834745,1.00005345,0.54173725,0.923005986758341,2.8571870000000006,2.725359,1.4285935000000003,0.9538609128488963
ct_162_R,20,20,20,3.647482,3.4446985,1.823741,0.9444045234493275,1.8143365,1.5915845,0.90716825,0.87722674377107,2.944408,2.804331,1.472204,0.952426090405949
ct_163_L,20,20,20,4.078566,3.9423065,2.039283,0.9665913215576258,1.7828665000000001,1.7643719999999998,0.8914332500000001,0.9896265368158523,2.7156840000000004,2.6973219999999998,1.3578420000000002,0.9932385358532139
ct_163_R,20,20,20,3.8672590000000016,3.7085225,1.9336295000000008,0.9589537447582379,2.0226895,2.0010565000000002,1.01134475,0.9893048339846529,2.9976005,2.794006499999999,1.49880025,0.9320810094607335
ct_164_L,20,20,20,3.4666154999999996,3.4077805,1.7333077499999998,0.9830281148861189,2.000053,1.7802940000000003,1.0000265,0.8901234117295893,2.8255434999999998,2.6336605000000004,1.4127717499999999,0.9320898793453368
ct_164_R,20,20,8,3.939984,3.6393769999999996,1.969992,0.9237034972730853,2.0503565000000004,1.9689475,1.0251782500000002,0.960295197444932,2.5757424999999996,2.7073912499999997,1.2878712499999998,1.0511109903260905
ct_165_L,20,20,20,3.799119499999999,3.533264,1.8995597499999994,0.9300218116329326,2.137433,1.950446,1.0687165,0.9125179596272724,3.1357775,2.876691,1.56788875,0.9173772692737288
ct_165_R,20,20,20,4.4205654999999995,3.612225,2.2102827499999997,0.8171409291413056,1.5312459999999999,1.440204,0.7656229999999999,0.9405438446859617,2.574708,2.403289,1.287354,0.9334219647431863
mr_001_L,20,20,20,5.1140870000000005,4.6610395,2.5570435000000002,0.9114118512258395,2.6000435,2.3350105,1.30002175,0.8980659362045289,3.894837,3.7517319999999996,1.9474185,0.9632577691954759
mr_001_R,20,20,20,3.9776605,3.735898,1.98883025,0.9392199258835691,2.6008175,2.4011315,1.30040875,0.9232218331351585,3.2926410000000006,2.7791445,1.6463205000000003,0.8440472253124467
mr_002_L,20,20,20,3.8163165,3.481661,1.90815825,0.912309290909179,2.7797050000000003,2.6292850000000003,1.3898525000000002,0.945886344054495,3.3016235000000003,2.926984,1.6508117500000001,0.8865287032273668
mr_002_R,12,20,20,4.644005833333334,4.161935833333333,2.322002916666667,0.8961952208285696,2.6807244999999993,2.4858955,1.3403622499999996,0.9273222593369816,3.1413055,2.916304,1.57065275,0.9283732511848974
mr_003_R,20,20,20,5.0094555,4.81822,2.50472775,0.9618250925674459,2.8708815,2.6607119999999997,1.43544075,0.9267926941603127,2.9839415000000002,2.904296,1.4919707500000001,0.9733086255209761
mr_004_L,20,20,20,4.751017,4.346069999999999,2.3755085,0.9147662489946887,3.466881,2.9936465,1.7334405,0.8634984875454336,3.5314545,3.2255475000000002,1.76572725,0.9133764855245905
mr_005_L,20,20,20,4.0186885000000006,3.7554725000000007,2.0093442500000003,0.934502014774223,2.9118315,2.4724815,1.45591575,0.8491155824092157,3.6426519999999996,3.488639,1.8213259999999998,0.9577195405984432
mr_005_R,20,20,20,5.060898,4.3744575,2.530449,0.8643638935224539,3.0656955000000004,2.8737760000000003,1.5328477500000002,0.9373977291612947,3.2677734999999997,2.9350199999999997,1.6338867499999998,0.8981711859772411
mr_006_L,20,20,20,2.4868124999999996,1.9973385000000001,1.2434062499999998,0.8031721330015835,2.375808,2.2466239999999997,1.187904,0.9456252357092827,2.394219,2.233426,1.1971095,0.932841147781385
mr_006_R,20,20,20,3.814479500000001,3.6337694999999997,1.9072397500000005,0.9526252533274852,2.7994315,2.514628,1.39971575,0.8982638082053447,3.2326344999999996,3.0620739999999995,1.6163172499999998,0.9472379262177645
mr_007_L,20,20,20,4.846695499999999,4.6855255,2.4233477499999996,0.9667464151605977,3.5240769999999997,3.220467,1.7620384999999998,0.9138469448879807,3.6501085000000004,3.568367,1.8250542500000002,0.9776057341857096
mr_007_R,20,20,20,4.847901,4.697639,2.4239505,0.9690047300883412,3.2620180000000003,2.964965,1.6310090000000002,0.9089358182572872,3.8210545,3.6764795,1.91052725,0.9621635859943899
mr_008_L,12,20,20,4.327834166666666,3.934836666666666,2.163917083333333,0.9091930316954149,2.1847190000000003,2.167378,1.0923595000000001,0.9920625947776348,3.4617245,3.332112,1.73086225,0.9625584011668173
mr_008_R,8,20,20,4.44346625,4.1588475,2.221733125,0.935946683515375,2.786463,2.7277215000000004,1.3932315,0.9789189736235508,3.38103,3.3038135000000004,1.690515,0.977161841214068
mr_009_L,20,20,20,4.8385735,4.647158,2.41928675,0.9604396833074873,2.9282674999999996,2.7897885,1.4641337499999998,0.9527095799820201,3.7235945,3.5769125,1.86179725,0.9606074184501026
mr_009_R,20,20,20,4.853381000000001,4.187393,2.4266905000000003,0.8627785455129114,2.3269984999999997,2.0403615,1.1634992499999999,0.8768211496483561,3.1672874999999996,2.937211,1.5836437499999998,0.9273585047142074
mr_010_L,20,20,20,3.9747014999999997,3.4929235,1.9873507499999998,0.8787888851527593,3.2255125,2.9889525000000003,1.61275625,0.9266597168666997,3.6705625000000004,3.3196935000000005,1.8352812500000002,0.904410018900373
mr_011_L,20,20,20,3.707985,3.4844584999999997,1.8539925,0.9397175285229039,2.7455255000000003,2.4713529999999997,1.3727627500000001,0.9001384252304339,3.1972844999999994,3.0325984999999998,1.5986422499999997,0.948491915561471
mr_011_R,20,20,20,3.6850505,3.4814410000000002,1.84252525,0.9447471615382205,2.8839935,2.780978,1.44199675,0.9642802593001685,3.3445875000000003,2.9938195,1.6722937500000001,0.8951236886462082
mr_012_L,20,20,20,4.2437295,4.0205495,2.12186475,0.9474094661311473,3.006316,2.762998,1.503158,0.9190643964240619,3.8537334999999997,3.6566265000000002,1.9268667499999999,0.9488529759517622
mr_012_R,20,20,20,4.9135235,4.648090999999999,2.45676175,0.9459791939531782,3.4237049999999996,3.1899995000000003,1.7118524999999998,0.9317390078876541,3.7628944999999994,3.5907355,1.8814472499999997,0.954248252243054
mr_013_L,20,20,20,4.0318525,3.9033124999999997,2.01592625,0.9681188733962861,3.0634504999999996,2.6561835,1.5317252499999998,0.8670561185826245,2.7204729999999997,2.4590215,1.3602364999999998,0.9038948374051131
mr_013_R,20,20,20,3.4275554999999995,3.2922734999999994,1.7137777499999998,0.9605310548581927,2.4068795,2.1605485,1.20343975,0.8976554497223479,2.970484,2.692219,1.485242,0.906323346633074
mr_014_L,20,20,20,4.085933500000001,3.7499450000000003,2.0429667500000006,0.9177694644320568,2.7088609999999997,2.5422040000000004,1.3544304999999999,0.938477094247361,3.4084885000000007,3.079331,1.7042442500000003,0.9034300687826875
mr_015_L,20,20,20,5.5188115,5.175830500000001,2.75940575,0.937852379991598,3.1618625000000002,2.8047135,1.5809312500000001,0.8870447402440808,3.2545054999999996,3.0677585,1.6272527499999998,0.9426189324307488
mr_016_L,20,20,20,4.0408405,3.8667344999999997,2.02042025,0.9569134193740139,2.1338555,1.8986024999999997,1.06692775,0.8897521411360796,3.2843695000000004,3.0932795000000004,1.6421847500000002,0.9418183611801291
mr_016_R,20,20,20,3.936593,3.758473,1.9682965,0.9547527519354935,2.6906295,2.3432625000000002,1.34531475,0.8708974981505259,3.421233,3.0144765000000002,1.7106165,0.881108214494599
mr_017_L,20,20,20,3.8620679999999994,3.4109499999999997,1.9310339999999997,0.8831926315124436,2.5763205000000005,2.1530405,1.2881602500000002,0.8357036711853201,3.134163,2.5767245,1.5670815,0.8221411904869019
mr_017_R,20,20,20,5.63415,4.9642145,2.817075,0.8810937763460326,3.3388904999999993,3.0789175,1.6694452499999997,0.9221379077870331,3.1715109999999997,2.831695,1.5857554999999999,0.8928535956520409
mr_018_L,20,20,20,4.003865499999999,3.7158865000000008,2.0019327499999995,0.9280747567569394,2.4500325,2.2122154999999997,1.22501625,0.9029331243565135,3.6299125000000005,3.3789590000000005,1.8149562500000003,0.9308651379337656
mr_018_R,20,20,20,5.989013000000001,5.6598370000000005,2.9945065000000004,0.9450366863454795,2.505465,2.3884784999999997,1.2527325,0.9533074698708621,3.1960965000000003,3.0420325000000004,1.5980482500000002,0.9517961988944952
mr_019_L,20,20,20,4.376301500000001,4.2364619999999995,2.1881507500000006,0.9680461915158264,2.6597899999999997,2.2948635000000004,1.3298949999999998,0.8627987547889122,3.7986364999999997,3.607780499999999,1.8993182499999999,0.9497567087558916
mr_019_R,20,20,20,4.879048,4.6940245,2.439524,0.9620779504526293,3.6354695,3.379858,1.81773475,0.9296895490389893,3.9360915,3.658625,1.96804575,0.929507101143355
mr_020_L,20,20,20,3.959498000000001,3.7694115000000004,1.9797490000000004,0.9519922727578091,2.8037375,2.4952594999999995,1.40186875,0.8899761479097097,3.2077354999999996,3.1021195,1.6038677499999998,0.9670745920291747
mr_020_R,20,20,20,3.9440239999999998,3.7397530000000003,1.9720119999999999,0.9482074652689741,2.5409244999999996,2.44259,1.2704622499999998,0.9612997159104887,3.0554889999999997,2.9701394999999997,1.5277444999999998,0.9720668279283611
mr_021_L,20,20,14,5.170582500000001,4.9805410000000006,2.5852912500000005,0.9632456304487936,3.3869715,3.1281860000000004,1.69348575,0.9235938359682094,4.373192857142858,4.1426300000000005,2.186596428571429,0.9472781410117157
mr_022_L,20,20,20,5.0741879999999995,4.9602945,2.5370939999999997,0.9775543397288394,3.4484765000000004,3.3887795000000005,1.7242382500000002,0.9826888772476774,3.917268,3.7687049999999997,1.958634,0.9620748439984192
mr_022_R,20,20,20,4.318142999999999,3.6442675,2.1590714999999996,0.8439432181842984,2.390178,2.074349,1.195089,0.8678638160003147,3.5761709999999995,3.149858,1.7880854999999998,0.8807906557041038
mr_023_R,20,20,20,4.014896500000001,3.8275600000000005,2.0074482500000004,0.9533396439982949,3.278711,3.1522670000000006,1.6393555,0.9614348443641421,3.3597189999999997,3.1589,1.6798594999999998,0.9402274416402087
mr_024_L,20,20,20,4.9132560000000005,4.473063499999999,2.4566280000000003,0.9104071719446328,3.206527,3.0468845,1.6032635,0.950213268124672,3.05234,2.9367985000000005,1.52617,0.9621465826218575
mr_025_L,20,20,20,4.875265000000001,4.2019305,2.4376325000000003,0.8618876102119575,3.4298364999999995,3.3392670000000004,1.7149182499999998,0.973593639230325,3.5640269999999994,3.3627390000000004,1.7820134999999997,0.9435223133831481
mr_025_R,20,20,20,3.8930675,3.3754225,1.94653375,0.867034157512039,3.1786445,2.9196134999999996,1.58932225,0.9185089745015524,3.5611445,3.3677794999999997,1.78057225,0.9457014451393364
mr_026_L,20,20,20,4.234077999999999,3.9663205000000006,2.1170389999999997,0.9367613208826103,2.8774015,2.7312540000000003,1.43870075,0.9492085133061897,3.4935005000000006,3.3468565,1.7467502500000003,0.958023764416235
mr_026_R,20,20,20,4.303893,3.9697749999999994,2.1519465,0.9223684231926768,2.805928,2.7547425000000003,1.402964,0.9817580850257027,3.6385125,3.4130325,1.81925625,0.9380296206210642
mr_027_L,20,20,20,4.261661999999999,3.9991425,2.1308309999999997,0.938399737004014,3.2887950000000004,3.1087945,1.6443975000000002,0.9452685558084344,3.3020445,3.1836624999999996,1.65102225,0.9641488780663009
mr_027_R,20,20,20,3.532018,3.3886434999999997,1.766009,0.9594072000765568,2.393645,2.1103815,1.1968225,0.8816601877053615,3.4475165,3.3144199999999997,1.72375825,0.9613935132725253
mr_028_L,20,20,20,5.524813000000001,5.131829,2.7624065000000004,0.9288692667064024,3.5206524999999997,3.3398265,1.7603262499999999,0.9486384981193118,3.9710840000000003,3.9549404999999993,1.9855420000000001,0.9959347372153293
mr_028_R,20,20,20,4.4003725000000005,4.1723455000000005,2.2001862500000002,0.9481800688464442,1.757722,1.5202985000000002,0.878861,0.8649254546509632,3.6345785,3.459286,1.81728925,0.951770886225184
mr_029_L,20,20,20,4.311206,3.9393915000000006,2.155603,0.913756266807942,2.5199019999999996,2.1410565000000004,1.2599509999999998,0.8496586375184434,4.2607975,3.995339,2.13039875,0.9376974615667607
mr_029_R,20,20,20,5.768582500000001,5.6470139999999995,2.8842912500000004,0.9789257586244106,3.9477874999999996,3.770716,1.9738937499999998,0.955146648597474,4.260003,4.119499000000001,2.1300015,0.9670178636024437
mr_030_L,20,20,20,4.2482584999999995,3.866596499999999,2.1241292499999997,0.9101603633583031,2.847074,2.6229115,1.423537,0.9212656573029011,3.4694095,3.3755685,1.73470475,0.9729518812927676
mr_030_R,20,20,20,3.9808139999999996,3.7813185000000002,1.9904069999999998,0.9498857520095138,2.729021,2.6131460000000004,1.3645105,0.9575397184558128,3.5787825000000004,3.3175709999999996,1.7893912500000002,0.9270110715026686
mr_031_L,18,20,20,4.455492777777778,4.039833333333333,2.227746388888889,0.9067085359182742,2.2764655,2.1065329999999998,1.13823275,0.9253524817309992,3.5067245,3.1865825,1.75336225,0.9087062585041968
mr_031_R,20,20,20,3.685754,3.3547269999999996,1.842877,0.9101874406159498,2.4855490000000002,2.320152,1.2427745000000001,0.9334565522546528,3.0866700000000007,2.6578,1.5433350000000003,0.8610573854671861
mr_032_L,20,20,20,4.354321,4.1375655,2.1771605,0.9502205969656349,2.4472045000000002,2.2049765,1.2236022500000001,0.9010184886469438,3.403532,3.265529,1.701766,0.9594530035269244
mr_032_R,20,20,20,4.438788000000001,4.3675204999999995,2.2193940000000003,0.9839443785105301,3.2465374999999996,3.0288629999999994,1.6232687499999998,0.93295179864702,3.2547664999999997,3.1828385,1.6273832499999998,0.9779007188380489
mr_033_R,20,20,20,4.885311,4.480584500000001,2.4426555,0.9171544042948343,3.7089560000000006,3.51696,1.8544780000000003,0.9482344897054588,3.3585605000000003,3.0899025,1.6792802500000001,0.9200079915189855
mr_034_L,20,20,20,3.1488585000000002,2.5903845,1.5744292500000001,0.8226423956490899,2.5633550000000005,2.2953200000000002,1.2816775000000002,0.8954358643262442,3.3104794999999996,3.227003,1.6552397499999998,0.9747841664628947
mr_034_R,20,20,20,4.249858,3.593871,2.124929,0.8456449603727937,2.4256884999999997,2.3588415,1.2128442499999998,0.9724420509888225,2.5318955,2.2524564999999996,1.26594775,0.8896324907564311
mr_035_L,20,20,20,3.7229824999999996,3.3567115000000003,1.8614912499999998,0.9016189305214303,1.908287,1.6893405000000001,0.9541435,0.8852654239116025,2.9896819999999997,2.820332,1.4948409999999999,0.9433551795809723
mr_035_R,20,20,20,2.9645495,2.894093,1.48227475,0.9762336570868524,2.0314345,1.7148765000000001,1.01571725,0.8441702156776406,2.831212,2.737659,1.415606,0.9669565542954749
mr_036_L,20,20,20,4.9184849999999996,4.6015525,2.4592424999999998,0.9355629833170175,2.41008,2.3628425,1.20504,0.9804000282148312,4.044548999999999,3.764101000000001,2.0222744999999995,0.9306602540851902
mr_036_R,12,20,20,5.4843641666666665,4.920915,2.7421820833333332,0.8972626270714761,3.7665595000000005,3.6020899999999996,1.8832797500000003,0.9563342886259991,3.6576744999999997,3.333006,1.8288372499999999,0.9112363606985806
mr_037_L,20,20,20,4.142697,3.8456675,2.0713485,0.9283004525795634,3.2022730000000004,3.0249444999999997,1.6011365000000002,0.9446241778886433,3.4331205000000002,3.2798635000000003,1.7165602500000001,0.9553592715431922
mr_037_R,20,20,20,3.329503,3.1913504999999995,1.6647515,0.9585065698994714,1.9674410000000002,1.887208,0.9837205000000001,0.9592196157343472,2.2417249999999997,2.0649179999999996,1.1208624999999999,0.9211290412517146
mr_038_L,20,20,20,5.0922085,4.851433,2.54610425,0.9527168810939302,3.0333374999999996,2.756703,1.5166687499999998,0.9088019384588758,3.374348,3.2963535,1.687174,0.9768860532464346
mr_038_R,20,20,20,4.179798,3.936712000000001,2.089899,0.9418426440703596,2.7705650000000004,2.280221,1.3852825000000002,0.8230166049163257,3.5187760000000003,3.2585350000000006,1.7593880000000002,0.9260421805764278
mr_039_L,20,20,20,4.217772,4.0277575,2.108886,0.9549490821220302,3.1605284999999994,3.0558859999999997,1.5802642499999997,0.9668908222153353,3.685675,3.476319,1.8428375,0.943197379041831
mr_039_R,20,20,20,5.660431,4.876292500000001,2.8302155,0.8614701778009485,3.0636520000000003,2.8647295,1.5318260000000001,0.9350701385144266,3.7293689999999997,3.6116755000000005,1.8646844999999999,0.9684414441156133
mr_040_L,20,20,20,3.540717,3.349118,1.7703585,0.9458869488863414,2.2505154999999997,2.1674420000000003,1.1252577499999998,0.9630869016454233,2.864593,2.6730169999999998,1.4322965,0.9331227856801995
mr_040_R,20,20,20,4.491071,4.232902999999999,2.2455355,0.9425152708563279,3.1827315000000005,2.8800505000000003,1.5913657500000002,0.9048989837816982,3.38003,3.0484264999999993,1.690015,0.9018933263905939
mr_041_L,20,20,20,3.9003784999999995,3.613187,1.9501892499999998,0.9263682998970485,2.359198,2.1043105,1.179599,0.8919601067820504,3.318259,3.267019500000001,1.6591295,0.9845583180818619
mr_041_R,20,20,20,3.9100194999999998,3.7886845,1.9550097499999999,0.9689681854527836,2.418793,2.272471,1.2093965,0.9395061917245502,3.4510679999999994,3.2385805,1.7255339999999997,0.9384284806906154
mr_042_L,20,20,20,3.523359,3.4831284999999994,1.7616795,0.9885817766512011,2.935853,2.5920864999999997,1.4679265,0.8829074548351024,3.5017715000000003,3.4403544999999993,1.7508857500000001,0.9824611628714207
mr_042_R,20,20,20,4.140949,4.0160555,2.0704745,0.9698394015478095,2.9363615000000003,2.8476310000000002,1.4681807500000001,0.9697821606774234,3.5511209999999997,3.3798635000000004,1.7755604999999999,0.9517736793536465
mr_043_L,20,20,20,3.1383820000000004,2.8368804999999995,1.5691910000000002,0.9039309108961239,2.7647695,2.5236405,1.38238475,0.912785134529298,3.5894999999999997,3.4145449999999995,1.7947499999999998,0.9512592283047777
mr_043_R,20,20,20,3.5314854999999996,3.2369315,1.7657427499999998,0.9165920403750774,2.2631699999999997,2.139125,1.1315849999999998,0.9451897117759603,2.8494260000000002,2.5242995,1.4247130000000001,0.8858975456811301
mr_044_L,20,20,20,4.3299725,3.6641635,2.16498625,0.8462325107145598,3.120225,2.8992395,1.5601125,0.9291764215721623,2.759137,2.5329460000000004,1.3795685,0.9180211058747718
mr_045_L,20,20,20,4.1362075,3.9110169999999997,2.06810375,0.945556285558691,2.172505,1.8685825,1.0862525,0.8601050400344302,3.7111270000000003,3.5678690000000004,1.8555635000000001,0.9613977101834564
mr_045_R,20,20,20,5.065614000000001,4.876447,2.5328070000000005,0.9626566493222735,3.2041200000000005,3.1446795,1.6020600000000003,0.9814487285120406,3.6660215000000003,3.4989189999999994,1.8330107500000001,0.9544185706494082
mr_046_L,18,20,20,3.9284222222222223,3.71829,1.9642111111111111,0.9465097664315332,2.6075049999999993,2.342625,1.3037524999999996,0.8984163021739174,3.336195,3.2291339999999993,1.6680975,0.967909249908953
mr_046_R,20,20,20,3.9249465,3.781817,1.96247325,0.9635333882894965,2.9371099999999997,2.8313865,1.4685549999999998,0.9640042422653561,3.031255,2.8367269999999998,1.5156275,0.9358259202871417
mr_047_L,20,20,20,3.9737805,3.8373245000000002,1.98689025,0.9656609115677124,2.7857670000000003,2.7637460000000003,1.3928835000000002,0.9920951752246329,3.1894335,3.1379759999999997,1.59471675,0.9838662571268534
mr_047_R,20,20,20,3.5681475,3.3358719999999997,1.78407375,0.93490305543703,2.1657124999999997,2.0230035,1.0828562499999999,0.9341052886752053,3.3152860000000004,3.122689,1.6576430000000002,0.9419063694655603
mr_048_L,20,20,20,4.4690465,4.305392,2.23452325,0.9633804436807718,2.9844575000000004,2.9250370000000006,1.4922287500000002,0.9800900163597572,3.6772545,3.596235,1.83862725,0.9779673938804072
mr_048_R,20,20,20,4.3178065000000005,3.9490575000000008,2.1589032500000003,0.9145980719608441,3.2094445,2.9187905000000005,1.60472225,0.9094379105169136,3.0150010000000003,2.5143655000000003,1.5075005000000001,0.8339517963675634
mr_049_L,20,20,20,4.107228499999999,3.9710755,2.0536142499999994,0.9668503955891427,2.7728339999999996,2.439901,1.3864169999999998,0.8799304249731503,4.087059999999999,3.7813955,2.0435299999999996,0.925211643577535
mr_049_R,20,20,20,4.3622045,4.174642,2.18110225,0.9570028181851632,2.6471595000000003,2.351707,1.3235797500000002,0.8883888560549524,3.884713999999999,3.6516665,1.9423569999999994,0.9400090971948002
mr_050_L,20,20,20,3.833398999999999,3.5750175,1.9166994999999996,0.9325972850725951,2.2717925,1.9963285,1.13589625,0.8787459682167275,3.3135350000000003,3.108419,1.6567675000000002,0.9380975302811045
mr_050_R,20,20,20,3.7067834999999993,3.4943405,1.8533917499999997,0.9426880474675687,3.0789449999999996,2.8299960000000004,1.5394724999999998,0.9191447070343903,3.0372705000000004,2.8296045,1.5186352500000002,0.9316274266648293
mr_051_L,20,20,20,3.6235394999999997,3.4736595,1.8117697499999998,0.9586371281450086,2.052477,1.9973009999999998,1.0262385,0.9731173601458138,3.1282215,2.9243595000000004,1.56411075,0.9348313410671208
mr_051_R,20,20,20,3.568280999999999,3.4652855000000002,1.7841404999999995,0.9711358214221362,2.7289424999999996,2.567272,1.3644712499999998,0.9407570881394535,2.9423274999999998,2.6665375,1.4711637499999999,0.9062680819861149
mr_052_L,20,20,20,3.6266719999999992,3.319282,1.8133359999999996,0.915241852585511,2.759561,2.5899314999999996,1.3797805,0.9385302589795984,3.1667099999999997,3.0752555,1.5833549999999998,0.971120026778581
mr_052_R,20,20,20,3.3633554999999995,3.0823840000000002,1.6816777499999997,0.9164609569223356,2.3468530000000003,2.156185,1.1734265000000001,0.9187558828780497,3.1487605,2.887266,1.57438025,0.9169531947571116
mr_053_L,20,20,20,4.277901999999999,4.086390499999999,2.1389509999999996,0.9552323779273111,2.7041775,2.4109584999999996,1.35208875,0.8915681385559933,3.4941079999999998,3.36299,1.7470539999999999,0.9624745428590072
mr_053_R,20,20,20,4.366691,4.148906500000001,2.1833455,0.950125964946913,2.6648729999999996,2.4352415,1.3324364999999998,0.9138302275568105,3.608655,3.3135129999999995,1.8043275,0.9182127413122062
mr_054_L,20,20,20,4.5269125,4.286651999999999,2.26345625,0.946926188655071,2.242154,2.0002535000000004,1.121077,0.8921124507950837,3.0503074999999997,2.9195915,1.5251537499999999,0.9571466155461377
mr_054_R,20,20,20,4.531153499999999,4.289949999999999,2.2655767499999997,0.9467677490952359,3.6359164999999996,3.3857815,1.8179582499999998,0.9312044157229685,3.71869,3.464916,1.859345,0.9317571510397479
mr_055_L,20,20,20,4.193823,3.9218149999999996,2.0969115,0.9351408011258462,2.766492,2.6072414999999998,1.383246,0.9424359441487631,2.9794115000000003,2.9240895,1.4897057500000002,0.9814319035823013
mr_055_R,20,20,20,3.936571,3.7304804999999996,1.9682855,0.9476472036195968,2.5224450000000003,2.4199950000000006,1.2612225000000001,0.9593846446602405,3.1283094999999994,2.9874859999999996,1.5641547499999997,0.9549841535819906
mr_056_L,20,20,20,4.3893565,4.153829000000001,2.19467825,0.9463412233661133,2.9784800000000002,2.6708659999999997,1.4892400000000001,0.8967211463565307,3.606268,3.287312,1.803134,0.9115551035031229
mr_056_R,20,20,20,4.033293499999999,3.8292175,2.0166467499999996,0.9494021449220099,3.0426260000000003,2.6626575,1.5213130000000001,0.8751182366810774,3.7614840000000003,3.4469809999999996,1.8807420000000001,0.916388584930841
mr_057_L,20,20,20,4.2039064999999995,3.91327,2.1019532499999998,0.9308651369862769,2.6553065,2.2838969999999996,1.32765325,0.860125563659035,3.5726129999999996,3.3616925,1.7863064999999998,0.9409618394155764
mr_057_R,20,20,20,4.587384500000001,4.3320445,2.2936922500000003,0.9443386531039636,2.8854365,2.7996630000000002,1.44271825,0.9702736483717456,3.737272,3.4817915,1.868636,0.9316398431797311
mr_058_L,20,20,20,4.235386,3.8945759999999994,2.117693,0.9195327179152029,2.8559554999999994,2.5084995,1.4279777499999997,0.8783398410794568,3.246347,3.1181650000000003,1.6231735,0.9605150034792954
mr_058_R,20,20,20,3.982434,3.744915,1.991217,0.9403583336221015,3.1421854999999996,2.8381385,1.5710927499999998,0.9032370940544409,3.2245265000000005,2.952683,1.6122632500000003,0.9156950640659952
mr_059_L,20,20,20,6.365140500000001,6.0125035,3.1825702500000004,0.9445987091722483,2.5818035,2.4539325000000005,1.29090175,0.9504722183543405,3.689765,3.4252100000000008,1.8448825,0.9283003118084758
mr_059_R,20,20,20,4.2245764999999995,3.806463000000001,2.1122882499999998,0.9010283042572436,2.7079705000000005,2.6117285,1.3539852500000003,0.9644597310051936,3.2622235,3.0624665,1.63111175,0.9387666111779281
mr_060_L,20,20,20,4.248689,3.7551175,2.1243445,0.8838296942892266,3.2032739999999995,2.7816625,1.6016369999999998,0.8683810688689136,3.342248,3.0426725,1.671124,0.9103670643231742
mr_060_R,20,20,20,3.7091530000000006,3.3659815,1.8545765000000003,0.9074798208647634,1.4001435,1.3923990000000002,0.70007175,0.9944687812356378,3.4111199999999995,2.926323,1.7055599999999997,0.8578774713290651
mr_061_L,20,20,20,4.3965315,4.187339,2.19826575,0.9524187419105264,3.2380160000000004,3.0881915,1.6190080000000002,0.9537295368521959,3.666352,3.5135509999999996,1.833176,0.9583234233919711
mr_061_R,20,20,20,4.2898974999999995,4.2031845,2.1449487499999997,0.9797866965352903,2.428189,2.1549615,1.2140945,0.8874768397352925,3.8016010000000007,3.6506674999999995,1.9008005000000003,0.9602973852332212
mr_062_L,20,20,20,4.6627415,4.345497,2.33137075,0.9319618083052642,2.7774255,2.7169555,1.38871275,0.9782280388798907,3.474644,3.3421700000000003,1.737322,0.9618740797618405
mr_062_R,20,20,20,4.449265,4.1980945,2.2246325,0.9435478668948692,3.030489,2.7263364999999995,1.5152445,0.8996358343488458,3.736365,3.3545265,1.8681825,0.8978048183194093
mr_063_L,20,20,20,4.0912395,3.8058864999999997,2.04561975,0.9302526777031751,2.8940835,2.7131645,1.44704175,0.9374865998164877,2.9527639999999997,2.8031085,1.4763819999999999,0.949316809606186
mr_064_L,20,20,20,4.4834825,3.8531769999999996,2.24174125,0.8594160900594571,3.4508509999999992,3.1617445,1.7254254999999996,0.9162216798117336,3.7858975,3.4822849999999996,1.89294875,0.9198043528648094
mr_064_R,20,20,20,3.811933,3.621562,1.9059665,0.9500591956889064,2.5263664999999995,2.2743339999999996,1.2631832499999998,0.900239137908138,3.791696499999999,3.6169504999999993,1.8958482499999996,0.9539135054717591
mr_065_L,20,20,20,4.4891895,4.26169,2.24459475,0.9493228120577222,2.7720270000000005,2.401536,1.3860135000000002,0.8663465399146544,3.788845,3.5739534999999996,1.8944225,0.9432831113439584
mr_065_R,20,20,20,4.519023,4.306467499999999,2.2595115,0.9529642801109884,2.9447199999999993,2.63572,1.4723599999999997,0.8950664239723983,3.4390535,3.2111615000000002,1.71952675,0.9337340928252498
mr_066_L,20,20,20,3.9341215,3.6683094999999994,1.96706075,0.9324342168893359,2.2631224999999997,1.9842780000000002,1.1315612499999999,0.8767877125520163,3.423526,3.1797630000000003,1.711763,0.9287976781832533
mr_066_R,20,20,20,4.112443,3.9046849999999997,2.0562215,0.9494806371784362,3.162452,2.8742825,1.581226,0.9088778264460615,3.330482,3.221857,1.665241,0.9673846007875136
mr_067_L,20,20,20,3.0609759999999997,2.922741,1.5304879999999998,0.9548395675104934,2.0161854999999997,1.6522935,1.0080927499999999,0.8195146230344382,2.9859400000000003,2.7788235,1.4929700000000001,0.930636081100089
mr_067_R,20,20,20,3.8098605,3.295934,1.90493025,0.865106215831262,2.1142525,1.8697984999999995,1.05712625,0.8843780485065049,2.7696565000000004,2.575846,1.3848282500000002,0.9300236328945483
mr_068_L,20,20,20,3.5686535,3.4240885000000008,1.78432675,0.9594903231709105,1.7211509999999997,1.6682825000000001,0.8605754999999998,0.969283055350751,2.9185659999999998,2.882333,1.4592829999999999,0.9875853415684279
mr_068_R,20,20,20,4.389478,4.143550500000001,2.194739,0.9439734064050441,2.7243874999999997,2.6168730000000004,1.3621937499999999,0.9605362673261424,2.8428464999999994,2.5930425,1.4214232499999997,0.9121289172665498
mr_069_L,14,20,20,4.356690714285714,3.862692857142857,2.178345357142857,0.8866116762608318,3.3536469999999996,3.2229645,1.6768234999999998,0.9610327204980131,3.5572705,3.3202305,1.77863525,0.9333646401081953
mr_069_R,20,20,20,4.0997815,3.591728,2.04989075,0.8760779080543682,2.9039215,2.6107650000000002,1.45196075,0.8990480631105214,3.4954905,3.2693934999999996,1.74774525,0.9353175183854741
mr_070_L,14,20,20,3.7307471428571435,3.389802857142857,1.8653735714285717,0.9086123308123266,3.0210570000000003,2.7711915,1.5105285000000002,0.9172920272606574,3.2565939999999998,3.101556,1.6282969999999999,0.952392591769192
mr_070_R,20,20,20,3.7458804999999997,3.536694,1.8729402499999999,0.9441555863834952,2.8686350000000003,2.6830345,1.4343175000000001,0.9353000643163037,3.2667315,2.9726305,1.63336575,0.9099708684353153
mr_071_L,20,20,20,4.334217499999999,3.596007,2.1671087499999997,0.8296784829095449,2.8100505,2.6054845,1.40502525,0.9272020200348713,3.3055375,3.214181,1.65276875,0.9723625885351475
mr_071_R,20,20,20,5.275627,5.045936,2.6378135,0.9564618575194949,2.8051999999999997,2.6498304999999998,1.4025999999999998,0.944613753030087,3.291972,3.1328924999999996,1.645986,0.951676533093234
mr_072_L,6,20,18,3.818325,3.3939283333333337,1.9091625,0.8888526600887388,2.4756515,2.2163449999999996,1.23782575,0.8952572686422138,3.487913333333333,3.134378888888888,1.7439566666666666,0.8986401293100426
mr_072_R,20,20,20,4.155384,3.7752129999999995,2.077692,0.90851122303017,2.0702309999999997,1.6605035000000001,1.0351154999999999,0.8020860957062281,3.3564645,3.0867649999999998,1.67823225,0.9196477424385092
mr_073_L,20,20,20,4.6666375,4.3731485,2.33331875,0.9371091069319183,3.395194000000001,3.236783,1.6975970000000005,0.9533425777731697,3.5217285000000005,3.410669500000001,1.7608642500000002,0.9684646332049732
mr_073_R,20,20,20,5.0655785,4.7623315,2.53278925,0.940135761394281,3.4053489999999997,3.212469,1.7026744999999999,0.9433596967594218,3.0095755000000004,2.7351730000000005,1.5047877500000002,0.9088235201276725
mr_074_L,20,20,20,3.5535110000000003,3.1883289999999995,1.7767555000000002,0.8972334685329522,1.9486180000000002,1.5675109999999999,0.9743090000000001,0.8044219031128726,3.2381144999999996,2.910943,1.6190572499999998,0.8989623436725294
mr_074_R,20,20,20,4.151468499999999,3.9231705,2.0757342499999996,0.9450078929901553,2.867838999999999,2.612506,1.4339194999999996,0.9109667592915784,3.121962,2.948759,1.560981,0.9445211056380571
mr_075_L,20,20,20,5.4994320000000005,4.524436500000001,2.7497160000000003,0.8227097816647247,3.1442975,2.9607069999999998,1.57214875,0.9416116000473873,3.7554594999999993,3.5750724999999997,1.8777297499999996,0.9519667300366308
mr_075_R,20,20,20,4.645962,4.4030965,2.322981,0.9477254656839639,1.526006,1.3494810000000002,0.763003,0.8843222110529055,3.8995529999999996,3.514139000000001,1.9497764999999998,0.9011645693750031
mr_076_L,20,20,20,4.012513,3.784113,2.0062565,0.9430780660399106,2.8841919999999996,2.7651174999999997,1.4420959999999998,0.9587147804307065,3.7791699999999997,3.5310695,1.8895849999999998,0.9343505319951207
mr_076_R,20,20,20,4.5360815,4.3748525,2.26804075,0.9644563264570974,3.3374639999999998,3.2036970000000005,1.6687319999999999,0.9599195676717414,4.030359499999999,3.837993,2.0151797499999997,0.952270634914826
mr_077_L,20,20,20,4.742021500000001,4.460545000000001,2.3710107500000004,0.9406420869243212,2.8714565,2.702616,1.43572825,0.9412003977772256,3.6656710000000006,3.4200405000000003,1.8328355000000003,0.9329916678283456
mr_077_R,20,20,20,4.3100895,4.032853000000001,2.15504475,0.9356773217818333,3.0279425000000004,2.8352815000000002,1.5139712500000002,0.9363723056167678,3.6352870000000004,3.5127560000000004,1.8176435000000002,0.9662939954947161
mr_078_L,20,20,20,4.075698,3.7691410000000003,2.037849,0.9247841719381564,3.0491325,2.829437,1.52456625,0.9279481951013937,3.9877095,3.8239945,1.99385475,0.958945103699254
mr_078_R,18,20,20,4.980969444444444,4.498735,2.490484722222222,0.9031846210214545,3.182638,3.006734,1.591319,0.9447301263920056,3.4651945000000013,3.3220140000000002,1.7325972500000006,0.9586803857618956
mr_079_L,20,20,20,3.8735620000000006,3.3855180000000002,1.9367810000000003,0.8740064054738248,2.5021165,2.3049109999999997,1.25105825,0.9211845251809816,3.396701,3.2441915000000003,1.6983505,0.9551006991784088
mr_079_R,20,20,20,4.0931315,3.8918660000000003,2.04656575,0.950828479368425,2.4115260000000003,2.26746,1.2057630000000001,0.9402594042112752,3.297963,3.1074,1.6489815,0.9422179690918303
mr_080_L,20,20,20,4.5091115,4.313841999999999,2.25455575,0.9566944618690398,3.2758085,2.9508675,1.63790425,0.9008058621253349,3.8418775,3.6545270000000003,1.92093875,0.951234650245876
mr_080_R,20,20,20,3.837955,3.7260650000000006,1.9189775,0.9708464533846802,2.4676199999999993,2.1374705,1.2338099999999996,0.8662073171720122,3.613284,3.4747720000000006,1.806642,0.9616658972834686
mr_081_L,20,20,10,3.8813300000000006,3.7798245,1.9406650000000003,0.973847753218613,2.4181929999999996,2.2762070000000003,1.2090964999999998,0.9412842564675362,3.239878,3.4888579999999996,1.619939,1.0768485726931691
mr_081_R,20,20,20,4.1662465,3.9846945,2.08312325,0.9564231257079964,3.1364799999999997,3.0119025,1.5682399999999999,0.9602811113094936,3.6474944999999996,3.5386115000000005,1.8237472499999998,0.9701485499155655
mr_082_L,20,20,20,4.736656999999999,4.458818000000001,2.3683284999999996,0.9413428078072787,3.4599269999999995,3.2586574999999995,1.7299634999999998,0.9418283969575081,3.6591890000000005,3.481543500000001,1.8295945000000002,0.9514522206969906
mr_082_R,20,20,20,4.661063999999999,4.344350499999999,2.3305319999999994,0.9320512440936233,2.8422045,2.645499,1.42110225,0.9307912220953841,3.6424455,3.377366,1.82122275,0.9272248548399694
mr_083_L,20,20,20,4.568023,4.2452784999999995,2.2840115,0.9293470063526387,3.3299350000000003,3.0020295,1.6649675000000002,0.901527957752929,3.322534,3.141595,1.661267,0.9455418665392138
mr_084_L,20,20,20,5.624962,5.4131175,2.812481,0.9623385011312077,3.152341,2.9470935000000003,1.5761705,0.9348904512551149,3.8225875,3.626849,1.91129375,0.9487942395040009
mr_084_R,20,20,20,4.278411500000001,4.168885499999999,2.1392057500000004,0.9744003118914575,3.3808964999999995,3.163617,1.6904482499999998,0.9357331701813411,3.5393860000000004,3.175009,1.7696930000000002,0.8970507879050208
mr_085_L,20,20,20,4.3187675,3.9646364999999997,2.15938375,0.9180018373297474,2.8714964999999997,2.7340950000000004,1.4357482499999998,0.9521498633203979,3.3158989999999995,3.175907,1.6579494999999997,0.957781585024152
mr_085_R,20,20,20,4.064549,3.5956420000000002,2.0322745,0.8846349250556458,2.703734,2.6741994999999994,1.351867,0.9890764032260568,3.3322724999999997,3.0197220000000002,1.6661362499999999,0.9062049997411677
mr_086_L,20,20,20,3.8150745,3.552127,1.90753725,0.9310767063657603,2.5980105000000004,2.4802995,1.2990052500000002,0.9546918690282429,3.3078434999999997,3.19175,1.6539217499999999,0.9649035693496383
mr_086_R,20,20,20,3.609003,3.3444205000000005,1.8045015,0.9266882017000264,2.6723399999999997,2.4894735,1.3361699999999999,0.9315706459507399,3.1595940000000002,2.9496305,1.5797970000000001,0.9335473165223126
mr_087_L,20,20,20,4.390210000000001,4.045844000000001,2.1951050000000003,0.921560472050312,2.6581199999999994,2.657603,1.3290599999999997,0.9998055016327331,3.3946574999999997,3.2275354999999997,1.6973287499999998,0.9507691129370194
mr_087_R,20,20,20,4.3960745,4.096333,2.19803725,0.9318161009327752,2.5638180000000004,2.2468460000000006,1.2819090000000002,0.8763671992317709,3.1843095000000003,2.8548245000000003,1.5921547500000002,0.8965285880659528
mr_088_L,20,20,20,3.711694500000001,3.472893,1.8558472500000005,0.9356624043277266,2.562594,2.0895745000000003,1.281297,0.8154137955524755,3.3537375,3.259865,1.67686875,0.9720095863197403
mr_088_R,20,20,20,3.9221230000000005,3.5894150000000002,1.9610615000000002,0.915171451787718,2.7696375,2.6602185,1.38481875,0.960493385867284,3.3167840000000006,3.0557464999999997,1.6583920000000003,0.9212980103618442
mr_089_L,20,20,20,3.6292449999999996,3.4680345000000004,1.8146224999999998,0.95558015510113,2.685219,2.5605205000000004,1.3426095,0.9535611434300146,3.3340739999999998,3.1641395,1.6670369999999999,0.9490309753172846
mr_089_R,20,20,20,3.769053500000001,3.512897,1.8845267500000005,0.9320369158994425,2.6811884999999998,2.5369815,1.3405942499999999,0.9462152698327627,3.269043,3.046411,1.6345215,0.9318968884777594
mr_090_L,20,20,20,4.3036365000000005,3.931255999999999,2.1518182500000003,0.9134730593534093,2.702767,2.481405,1.3513835,0.918098008448379,3.530098,3.349928,1.765049,0.9489617568690727
mr_090_R,20,20,20,4.682851,4.166877,2.3414255,0.8898162679102966,2.9890075,2.892445,1.49450375,0.9676941258929594,3.2171484999999995,3.21427,1.6085742499999998,0.9991052635587074
mr_131_L,20,20,20,3.9028945,3.6083805,1.95144725,0.924539594908343,2.5944439999999998,2.374489,1.2972219999999999,0.9152207563547335,3.2243725000000003,2.864197,1.6121862500000002,0.8882959397526184
mr_131_R,20,20,20,4.811008500000001,4.4896555,2.4055042500000003,0.9332046492954645,2.818751,2.712249,1.4093755,0.9622165987701645,3.6145035,3.3680115,1.80725175,0.9318047416470893
mr_132_L,20,20,20,3.8565540000000005,3.640409499999999,1.9282770000000002,0.9439539806780869,2.9820405,2.7346395000000006,1.49102025,0.9170363380376626,2.1803045000000005,2.0242865,1.0901522500000003,0.9284421052197065
mr_132_R,20,20,20,3.2675205,3.0230889999999997,1.63376025,0.9251935833302346,1.662339,1.5573675000000002,0.8311695,0.9368531328447448,3.1436054999999996,2.6628230000000004,1.5718027499999998,0.8470601670597665
mr_133_L,16,20,20,4.58374625,4.298095624999999,2.291873125,0.9376818415722727,3.0226420000000003,2.8980390000000003,1.5113210000000001,0.9587767919588228,3.4289915,3.2852379999999997,1.71449575,0.9580770322702753
mr_134_L,20,20,20,3.730079,3.519401,1.8650395,0.9435191587095072,2.7029595,2.6693925,1.35147975,0.9875813899542335,3.141807,2.9268675,1.5709035,0.9315872999200779
mr_135_L,20,20,20,3.8952419999999996,3.7494559999999995,1.9476209999999998,0.9625733138018125,2.2963219999999995,2.1993435000000003,1.1481609999999998,0.9577679001464083,3.5697269999999994,3.4473979999999997,1.7848634999999997,0.9657315531411786
mr_135_R,20,20,20,4.099763,3.8114350000000004,2.0498815,0.9296720322613771,3.016273,2.8485035,1.5081365,0.9443785426584398,3.332349,3.2193985000000005,1.6661745,0.9661048407594764
mr_136_L,20,20,4,4.1481045000000005,3.8510625000000003,2.0740522500000003,0.9283909072203942,2.8411139999999997,2.7228425,1.4205569999999998,0.9583714345851664,3.1165,2.87717,1.55825,0.9232055190117119
mr_136_R,20,20,20,4.319065999999999,4.17872,2.1595329999999997,0.9675054745632506,2.790795,2.6951905,1.3953975,0.9657429155491535,3.452313,3.362238,1.7261565,0.9739087967979728
mr_137_L,14,20,20,4.209414285714286,3.698382857142857,2.104707142857143,0.8785979725716846,2.222996,1.9977475000000002,1.111498,0.8986734569023066,3.1392770000000003,2.9173780000000002,1.5696385000000002,0.9293152531617949
mr_137_R,20,20,20,4.3185935,4.098356000000001,2.15929675,0.9490024935201705,2.7325045,2.4504565,1.36625225,0.8967804078639211,3.219508,2.8802805000000005,1.609754,0.8946337452803349
mr_138_L,20,20,20,3.9949200000000005,3.8281904999999994,1.9974600000000002,0.9582646210687571,2.999194,2.739374,1.499597,0.9133700587557857,3.601555,3.533325,1.8007775,0.9810554052346834
mr_138_R,20,20,20,4.044744,3.9006429999999996,2.022372,0.9643732705951229,2.8918155000000008,2.6758745,1.4459077500000004,0.9253268405263058,3.5785155000000004,3.4723275,1.7892577500000002,0.9703262428233159
mr_139_L,16,20,20,5.804455,5.04839125,2.9022275,0.8697442309398556,2.5556174999999994,2.2767815000000002,1.2778087499999997,0.8908929055306597,3.3784124999999996,2.9806809999999997,1.6892062499999998,0.882272665046083
mr_139_R,20,20,20,5.076536,4.718330000000001,2.538268,0.9294388929774162,2.2320314999999997,2.3249625,1.1160157499999999,1.0416351650951163,2.7062425,2.5266045000000004,1.35312125,0.9336208783950442
mr_140_L,12,20,20,3.2632825000000003,3.1343641666666664,1.6316412500000002,0.9604942773623387,1.7588294999999998,1.6802319999999997,0.8794147499999999,0.9553126098919764,3.1403015000000005,3.1537455000000003,1.5701507500000003,1.0042811175933266
mr_140_R,20,20,20,4.122653999999999,3.7171155,2.0613269999999995,0.901631691623891,3.2228924999999995,2.879568,1.6114462499999997,0.8934731766573041,3.393067500000001,3.146662,1.6965337500000004,0.9273797235097738
mr_141_L,20,20,20,6.020233000000001,5.429489500000001,3.0101165000000005,0.9018736484119468,3.2161239999999998,2.9490655,1.6080619999999999,0.9169626233316875,3.5809414999999993,3.2179249999999997,1.7904707499999997,0.8986254034029878
mr_141_R,20,20,20,3.9510954999999996,3.7575925,1.9755477499999998,0.9510254814139523,3.0624344999999997,2.900169,1.5312172499999999,0.9470142136917541,3.180489,2.9705595,1.5902445,0.9339945838517284
mr_142_L,20,20,20,4.197782999999999,3.9483365,2.0988914999999997,0.9405766091291523,3.133147,2.8074,1.5665735,0.8960320087120074,3.6608004999999992,3.448405,1.8304002499999996,0.9419811322687486
mr_142_R,20,20,20,3.7938099999999997,3.516336,1.8969049999999998,0.9268613873652081,2.917192,2.6133535,1.458596,0.8958455597026181,3.6995745000000007,3.4800085000000003,1.8497872500000003,0.9406510127042987
mr_143_L,20,20,20,3.715976,3.2840874999999996,1.857988,0.8837752181391914,2.5120599999999995,2.3154179999999998,1.2560299999999998,0.9217208187702524,2.7966604999999998,2.567971,1.3983302499999999,0.9182276504423759
mr_143_R,20,20,20,4.052573499999999,3.726949499999999,2.0262867499999997,0.9196500692707978,3.550244,3.3300505,1.775122,0.9379779248975563,3.397939000000001,3.1710205,1.6989695000000005,0.9332187835037649
mr_144_L,20,20,20,6.2173335000000005,5.886208999999999,3.1086667500000003,0.9467417181336659,3.3410615,3.1233949999999995,1.67053075,0.9348510944800027,3.8907939999999996,3.8117325,1.9453969999999998,0.9796798545489688
mr_144_R,20,20,20,5.288840500000001,4.659188500000001,2.6444202500000005,0.8809470620261662,3.4002415,3.3058704999999997,1.70012075,0.9722457948942743,3.5003935,3.262956499999999,1.75019675,0.9321684833433724
mr_145_L,20,20,20,4.120061000000001,3.8188115000000002,2.0600305000000003,0.9268822718886929,2.9982335,2.7167079999999997,1.49911675,0.9061028769106875,3.1173480000000002,2.961462,1.5586740000000001,0.9499940333899198
mr_146_L,20,20,20,5.22884,4.961545,2.61442,0.9488806312681207,3.1403290000000004,2.9058729999999997,1.5701645000000002,0.9253403067003487,3.5540369999999997,3.3987635,1.7770184999999998,0.9563106686846535
mr_146_R,20,20,20,4.977131,4.802329,2.4885655,0.9648789634028119,3.163259,2.954097,1.5816295,0.9338776875368093,3.5714809999999995,3.546899,1.7857404999999997,0.9931171410403696
mr_147_L,20,20,20,3.4919795000000002,3.2151354999999997,1.7459897500000001,0.9207200385912917,2.8139845,2.5407695,1.40699225,0.9029081361322353,3.5858405000000007,3.4108545,1.7929202500000003,0.951200841197482
mr_147_R,20,20,20,3.8839515,3.6619524999999995,1.94197575,0.9428419742110579,2.91011,2.8982920000000005,1.455055,0.9959389851242738,3.2880335,3.0850524999999998,1.64401675,0.9382667481946275
mr_148_L,20,20,20,4.115901,4.0082245,2.0579505,0.9738388994293108,2.962598,2.664314,1.481299,0.8993167483404769,3.656394,3.4999559999999996,1.828197,0.9572152235235042
mr_148_R,20,20,20,3.9777724999999995,3.8338225,1.9888862499999997,0.963811404498372,2.874926,2.6593370000000003,1.437463,0.925010591576966,3.41836,3.125496,1.70918,0.9143261681040031
mr_149_L,20,20,20,3.9619440000000004,3.4362389999999996,1.9809720000000002,0.8673113501856663,2.8123155000000004,2.8303805,1.4061577500000002,1.0064235324948425,3.8125825,3.3247705000000005,1.90629125,0.8720520801844945
mr_149_R,20,20,20,3.1406385,2.984129,1.57031925,0.9501663435635779,2.6715305000000003,2.0389150000000003,1.3357652500000001,0.7632010939047861,3.6484535,3.2488150000000005,1.82422675,0.890463589572952
mr_150_L,20,20,20,3.9103209999999997,3.2777445,1.9551604999999999,0.8382290098434374,2.704272,2.4192340000000003,1.352136,0.8945971411159825,3.561152,3.4738035000000003,1.780576,0.9754718416961703
mr_150_R,20,20,20,2.0999685,1.881663,1.04998425,0.8960434406516098,2.7900264999999997,2.5972315,1.3950132499999999,0.9308985058027227,3.210693,3.015973,1.6053465,0.9393526568874694
mr_151_L,20,20,20,3.7080469999999996,3.439515,1.8540234999999998,0.9275812847032414,2.681605,2.5187355000000005,1.3408025,0.9392641720163859,3.112718,2.8580785000000004,1.556359,0.9181938421662356
mr_151_R,20,20,20,3.607209,3.420176500000001,1.8036045,0.9481503566885093,2.305465,2.1587175000000003,1.1527325,0.9363479818604925,3.04267,2.758168,1.521335,0.9064959394216263
mr_152_L,20,20,20,2.9414605000000007,2.693377,1.4707302500000003,0.9156597547374847,2.7462105,2.4447285,1.37310525,0.8902189034671596,3.105792,3.0670485,1.552896,0.9875254041481206
mr_152_R,20,20,20,3.7924625000000005,3.6436265,1.8962312500000003,0.9607547866326956,2.4620500000000005,2.1686319999999997,1.2310250000000003,0.8808237038240487,3.098017,2.920514,1.5490085,0.9427043169872856
mr_153_L,20,20,20,3.1742540000000004,2.9696295000000004,1.5871270000000002,0.9355361921257719,2.5641170000000004,2.5048104999999996,1.2820585000000002,0.9768705952185486,3.3147769999999994,3.0298485000000004,1.6573884999999997,0.9140429356182938
mr_153_R,20,20,20,3.62328,3.425233,1.81164,0.9453404097944405,1.8713079999999997,1.7852270000000001,0.9356539999999999,0.9539995553912025,3.4768985,3.3596489999999997,1.73844925,0.9662775603026662
mr_154_L,20,20,20,4.2422145,3.9977324999999992,2.12110725,0.942369250776923,2.7884405,2.6365755,1.39422025,0.9455376580565373,3.0912245,2.925154,1.54561225,0.9462767909609929
mr_154_R,20,20,20,4.4885685,4.262919500000001,2.24428425,0.9497280703190784,2.8289385,2.6720965,1.41446925,0.9445580029399719,3.9077840000000004,3.623061,1.9538920000000002,0.9271395246001313
mr_155_L,20,20,20,4.0828045,3.8200649999999996,2.04140225,0.9356472983215336,2.9828915,2.6880990000000002,1.49144575,0.9011722350611815,3.6459405000000005,3.4720740000000005,1.8229702500000002,0.9523123046028864
mr_155_R,20,20,20,4.9804509999999995,4.716470500000001,2.4902254999999998,0.9469966675708688,3.628873,3.5116509999999996,1.8144365,0.9676974090854101,3.9215335000000002,3.7205934999999997,1.9607667500000001,0.9487598410162758
mr_156_L,20,20,20,4.537461,4.298611,2.2687305,0.9473604291034127,3.580693000000001,3.134907,1.7903465000000005,0.8755028705337204,3.773771,3.5310935,1.8868855,0.9356936337684507
mr_156_R,20,20,20,4.1226535,3.9173100000000005,2.06132675,0.9501914240427919,2.9526265,2.867707,1.47631325,0.9712393355542936,3.5456395,3.2186735,1.77281975,0.9077836311333963
mr_157_L,16,20,20,4.17285375,3.8437725,2.086426875,0.9211376027736414,2.4564220000000003,2.301776,1.2282110000000002,0.9370442049452413,3.4302454999999994,3.2618650000000002,1.7151227499999997,0.950912988589301
mr_157_R,20,20,20,5.081055999999999,4.700147500000001,2.5405279999999997,0.9250335953785987,3.1902584999999997,3.06622,1.5951292499999998,0.9611196083326791,3.3501814999999993,3.1675075,1.6750907499999996,0.9454734019634461
mr_158_L,20,20,20,4.0940105,3.948346,2.04700525,0.9644200961380044,1.9414664999999995,1.8567820000000002,0.9707332499999998,0.956381168565103,3.9863130000000004,3.605002,1.9931565000000002,0.9043449423063366
mr_158_R,20,20,20,4.774559000000001,4.458596999999999,2.3872795000000004,0.9338238358767791,3.119309500000001,2.9267499999999997,1.5596547500000004,0.9382685494978934,3.663178,3.4504365,1.831589,0.9419243345532213
mr_159_L,20,20,20,4.6518055,4.3772345,2.32590275,0.94097539116801,3.5874705,3.2941265,1.79373525,0.9182309652441741,3.4396655000000003,3.2731609999999995,1.7198327500000001,0.9515928220345843
mr_159_R,10,20,20,3.6253370000000005,3.3336459999999994,1.8126685000000002,0.9195409971541953,2.5719315000000003,2.4104984999999997,1.2859657500000001,0.9372327762228502,2.970821,2.671915,1.4854105,0.899386061967382
mr_160_L,20,20,20,3.708073,3.4747014999999997,1.8540365,0.9370639412978115,2.6842675,2.5693255,1.34213375,0.9571793794768966,2.8246225,2.6859504999999997,1.41231125,0.9509060060238137
mr_160_R,20,20,20,3.607973,3.3204699999999994,1.8039865,0.9203145367218656,2.939093,2.6286745,1.4695465,0.8943828929537104,3.240648,3.036996,1.620324,0.937157013041836
mr_161_L,20,20,20,5.659523,5.3693495,2.8297615,0.9487282762169179,3.7031684999999994,3.3867934999999996,1.8515842499999997,0.9145664044182705,4.328952,4.111177499999999,2.164476,0.949693482394815
mr_161_R,20,20,20,5.0576425,4.859052999999999,2.52882125,0.9607347692131264,2.7399495,2.7192925,1.36997475,0.9924608099528842,3.8974455,3.677796,1.94872275,0.9436427013540022
mr_162_L,20,20,20,3.1716295000000003,2.9965935000000004,1.5858147500000002,0.9448119649536618,1.9462779999999995,1.760817,0.9731389999999998,0.9047099129723506,3.1440829999999997,2.8960595000000002,1.5720414999999999,0.9211142008655625
mr_163_L,20,20,20,4.3407005,4.1575105,2.17035025,0.95779713435654,3.021258,2.7449535,1.510629,0.9085465392230653,3.5614445000000003,3.369758,1.7807222500000002,0.9461773165354674
mr_163_R,20,20,20,4.590711500000001,4.268565000000001,2.2953557500000006,0.9298264550059396,3.2239025,2.9103765000000004,1.61195125,0.9027495403474517,3.637474,3.3639795,1.818737,0.9248119711646049
mr_164_L,20,20,20,4.053959000000001,3.7790880000000002,2.0269795000000004,0.9321968969099095,2.6482034999999997,2.2800265,1.3241017499999999,0.860971031871229,3.5187779999999997,3.2515674999999993,1.7593889999999999,0.9240615634177546
mr_164_R,20,20,20,4.325909,4.1037675,2.1629545,0.9486485961678806,3.2696449999999997,3.0639700000000003,1.6348224999999998,0.9370956174141232,3.705763,3.2831905,1.8528815,0.8859688274722372
mr_165_L,20,20,20,3.9821804999999997,3.7242089999999997,1.9910902499999998,0.9352185316562119,3.1779049999999995,2.6502179999999997,1.5889524999999998,0.8339512981036249,2.6909955000000005,2.503936,1.3454977500000003,0.9304868774399658
mr_165_R,20,20,20,4.282821,3.7779769999999986,2.1414105,0.8821234882335728,2.5615905,2.4002355,1.28079525,0.9370098382235569,2.4143095000000008,2.2148130000000004,1.2071547500000004,0.9173691276946886
