Model_ID,ICA_CE_Radius,MCA_CE_Radius,ACA_CE_Radius,Murray_Deviation_Percent,Murray_Exponent_k_minimize,Murray_Exponent_k_root
ct_001_R,2.36795,1.790661,1.41717,35.32,1.80437,1.80437
ct_002_L,1.981614,1.95272475,1.48941775,-38.151,0.5,7.79105
ct_002_R,1.7183784999999996,1.8569015,1.3970507499999998,-79.924,0.5,
ct_003_R,2.12347925,1.81698625,1.2725085000000005,15.832,2.32518,2.32518
ct_004_L,2.1644217500000003,1.6694559999999998,1.5274992499999998,18.963,2.29652,2.29652
ct_004_R,2.17789225,1.6891745,1.235291,35.096,1.78163,1.78163
ct_005_L,2.08558975,1.9548895,1.4566772499999998,-16.426,4.07381,4.07381
ct_005_R,2.038511666666667,1.88121425,1.281815,-3.453,3.19989,3.19989
ct_006_L,1.59229425,1.4036575,0.8462590000000001,16.484,2.2265,2.2265
ct_006_R,1.63880925,1.4818815,1.03609975,0.793,2.95858,2.95859
ct_007_L,2.25146325,1.56817575,1.06540875,55.614,1.30583,1.30583
ct_007_R,2.2517375,1.65096225,1.2771457499999996,42.339,1.62948,1.62947
ct_008_L,1.9178492500000004,1.5319472500000002,0.6682452500000001,44.803,1.30155,1.30155
ct_008_R,1.9822065,1.584382,0.7901910000000001,42.599,1.41622,1.41622
ct_009_L,2.3611085,1.800299,1.517949,29.099,1.98444,1.98445
ct_009_R,2.042135,1.44450125,0.29351425,64.311,0.75661,0.75661
ct_010_L,2.375682916666667,1.3578137500000005,1.4835684999999998,56.976,1.34906,1.34906
ct_011_L,1.65614725,1.5269309999999998,1.09317,-7.131,3.41367,3.41367
ct_011_R,1.60892,1.56069575,1.1555915,-28.327,5.60038,5.60038
ct_012_L,1.9940562500000003,1.82464275,1.2546405,-1.525,3.08426,3.08426
ct_012_R,2.3119365,1.842506,1.47920325,23.191,2.13942,2.13942
ct_013_L,2.02809525,1.4408172222222222,1.46598,26.376,2.08057,2.08057
ct_013_R,1.91442225,1.397918,0.4874329999999999,59.415,0.97405,0.97405
ct_014_L,1.9559152500000003,1.54357975,1.22904625,26.037,2.05392,2.05391
ct_014_R,1.85638625,1.573761,0.615792725,35.423,1.41896,1.41896
ct_015_L,2.1064075,1.5289752500000002,1.75744075,3.677,2.8418,2.8418
ct_016_L,1.6831997499999996,1.3852415,0.7472002499999999,35.512,1.61348,1.61348
ct_016_R,1.6462642500000002,1.241443,0.78090425,46.444,1.45743,1.45743
ct_017_L,2.03535425,1.3700994999999998,0.98263275,58.245,1.27291,1.27291
ct_017_R,2.46990775,1.5228722499999996,1.335132,60.765,1.26805,1.26805
ct_018_L,2.29903175,1.6851249999999998,1.18305325,46.995,1.49243,1.49243
ct_018_R,2.56908875,1.56401575,0.90892075,73.009,0.94532,0.94532
ct_019_L,2.0671363888888887,1.6145935000000002,1.1332080000000002,35.873,1.74518,1.74518
ct_019_R,2.212482500000001,1.71843875,1.38241625,28.751,1.98124,1.98124
ct_020_L,1.76745925,1.3166109999999995,0.82515725,48.489,1.41401,1.41402
ct_020_R,1.72023,1.213739,0.93534075,48.8,1.48586,1.48586
ct_021_L,2.61929175,2.1691425,2.1601902499999994,-12.89,3.63605,3.63605
ct_022_L,2.44031625,2.281480833333333,1.9793795000000003,-35.081,0.5,5.56077
ct_022_R,2.46912725,2.0327005,1.3301197500000002,28.573,1.89927,1.89927
ct_023_R,1.96995575,1.5162637499999998,1.4199965,16.948,2.36335,2.36336
ct_024_L,1.984161388888889,1.6403875,1.4127565,7.395,2.69184,2.69184
ct_025_L,2.1988945,1.7153037499999997,1.62271175,12.342,2.51924,2.51924
ct_025_R,2.0275922222222222,1.9242535,1.404289,-18.698,4.3398,4.3398
ct_026_L,1.9400205000000004,1.4310570000000002,1.060848,43.512,1.58859,1.58859
ct_026_R,1.9810605,1.6748282500000002,1.1862435000000002,18.105,2.25274,2.25274
ct_027_L,1.897685,1.6090767500000005,1.1511835,16.715,2.30367,2.30367
ct_027_R,1.5140135,1.5155539999999998,0.7083194999999999,-10.546,6.01722,
ct_028_L,2.5488694444444446,1.913718,1.5727869999999995,34.181,1.84408,1.84408
ct_029_L,1.987143,1.678543,0.5263413749999999,37.87,1.24954,1.24954
ct_029_R,2.4876834375000003,1.84593675,1.6152997499999997,31.767,1.92097,1.92097
ct_030_L,2.556881,1.5896325,1.29383925,63.013,1.21217,1.21217
ct_030_R,1.8415735,1.5653685000000002,1.2818747499999998,4.857,2.78747,2.78748
ct_031_L,2.16167525,1.67033925,1.100844,40.657,1.60412,1.60412
ct_031_R,1.5978584999999998,1.6534005000000005,1.095236,-42.999,0.5,
ct_032_L,2.1227,1.7504577499999996,1.05274075,31.724,1.76963,1.76963
ct_032_R,2.25303675,1.5664685000000005,1.37940575,43.441,1.63578,1.63578
ct_033_R,2.14477525,1.48411925,1.53561175,30.164,1.9755,1.9755
ct_034_L,1.6317885,1.390971,0.99125225,15.645,2.33891,2.33891
ct_034_R,2.81606225,1.4618395000000002,1.007685,81.43,0.83792,0.83792
ct_035_L,1.66828975,1.3599485000000002,1.1003409999999998,17.138,2.33131,2.33131
ct_035_R,1.69965475,1.2619525,1.004587,38.421,1.73015,1.73015
ct_036_L,2.4846727500000005,2.112595833333333,1.0774395,30.379,1.70181,1.70181
ct_036_R,2.8800125000000003,1.897879,1.93703675,40.958,1.70408,1.70408
ct_037_L,2.14509075,1.5480275,1.20470925,44.703,1.57802,1.57802
ct_037_R,1.77487925,1.4634339285714284,0.8567567500000001,32.697,1.72956,1.72956
ct_038_L,2.1890114285714284,1.38877125,1.11172375,61.365,1.2408,1.2408
ct_038_R,2.0027555,1.51433425,0.6893555,52.692,1.18616,1.18617
ct_039_L,1.962762,1.6425015000000005,1.301682,12.229,2.49535,2.49535
ct_039_R,2.01056175,1.76830225,1.4344125,-4.346,3.21255,3.21254
ct_040_L,1.878752,1.644666071428571,1.260647,2.704,2.87346,2.87346
ct_040_R,2.2157570000000004,1.8131325,1.55324575,10.76,2.56465,2.56465
ct_041_L,1.62354925,1.2562012500000002,0.5267445499999999,50.264,1.18773,1.18773
ct_041_R,1.7758390000000002,1.604729,0.823053,16.255,2.13113,2.13113
ct_042_L,1.7092140000000005,1.4431945,0.814574,28.977,1.80281,1.80281
ct_042_R,1.95429625,1.4553595,0.9981749999999998,45.377,1.51772,1.51772
ct_043_L,1.531145,1.2717615,0.7676509999999999,30.096,1.81377,1.81377
ct_043_R,1.5364967500000002,1.1673934999999998,0.7274387499999999,45.529,1.47206,1.47206
ct_044_L,2.083817,1.17074,1.28199875,58.981,1.30825,1.30825
ct_045_L,2.0052395,1.78772075,0.72669575,24.381,1.70274,1.70274
ct_045_R,2.529988,1.69268575,1.56036825,46.592,1.57071,1.57071
ct_046_L,1.930371,1.353216,0.8948180000000001,55.59,1.29648,1.29648
ct_046_R,1.657603,1.1870705,0.89758925,47.395,1.5101,1.5101
ct_047_L,1.606176,1.378254,0.99348125,13.151,2.43244,2.43243
ct_048_L,2.0983689285714284,1.5413645,1.24466975,39.496,1.70859,1.70859
ct_048_R,1.85894975,1.26077975,1.0794609999999998,49.223,1.50227,1.50227
ct_049_L,2.212581,2.13971625,1.3007065,-10.758,3.9368,3.9368
ct_049_R,2.36225275,1.995671,1.1779965,27.303,1.87562,1.87562
ct_050_L,1.712642,1.43860925,0.88846125,26.77,1.9172,1.91719
ct_050_R,2.5012603571428573,1.2769730000000004,1.1408032499999998,77.206,0.95321,0.95321
ct_051_L,1.4138115,1.1054704999999998,0.636355,43.077,1.48396,1.48396
ct_051_R,1.3958315,1.115109,1.0118630000000002,10.919,2.56629,2.56629
ct_052_L,1.5667164999999998,1.1882045,0.964525,33.045,1.86974,1.86974
ct_052_R,1.5003535,1.361287,0.6153540000000001,18.41,1.96315,1.96315
ct_053_L,1.9709955,1.549447,0.9108425,41.549,1.5274,1.5274
ct_053_R,1.9424965,1.5893495,1.0141744999999998,30.994,1.82143,1.82143
ct_054_L,2.38212425,1.7053958333333332,0.5865325,61.814,0.93716,0.93716
ct_054_R,1.982987,1.6034477499999995,1.49585925,4.205,2.82369,2.82369
ct_055_L,1.834668,1.52309225,0.9737525,27.834,1.90704,1.90704
ct_055_R,1.8177575,1.3879322500000002,0.8858820000000002,43.911,1.51753,1.51753
ct_056_L,1.9851870000000005,1.5904365,1.0046935,35.616,1.70049,1.70049
ct_056_R,1.795004,1.6235007499999998,1.15370175,-0.539,3.02825,3.02826
ct_057_L,1.8112715,1.5026082500000002,0.6617385,38.03,1.43657,1.43658
ct_057_R,2.01528425,1.5629924999999998,0.94169975,43.146,1.50586,1.50586
ct_058_L,1.56418125,1.79179425,1.313412,-109.518,0.5,
ct_058_R,1.9920435714285711,1.57082525,1.401516,16.142,2.38425,2.38425
ct_059_L,1.803208,1.60664625,1.1341215000000002,4.387,2.78491,2.78491
ct_059_R,1.8736150000000005,1.557283,1.12230375,21.088,2.16427,2.16427
ct_060_L,2.02380175,1.7191645000000002,1.3705935,7.64,2.67055,2.67055
ct_060_R,1.9601885714285716,1.67990825,0.8870604999999999,27.787,1.7918,1.7918
ct_061_L,2.301924,1.70942325,1.31865775,40.249,1.6769,1.6769
ct_061_R,2.0593307500000004,1.7881589999999996,0.9926455,23.331,1.95107,1.95107
ct_062_L,2.1233160714285715,1.4365472499999998,0.7834917499999999,64.008,1.07404,1.07405
ct_062_R,2.08680175,1.7203085000000002,1.2244565000000005,23.774,2.07702,2.07702
ct_063_L,2.0699975000000004,1.46489625,1.29583125,40.026,1.71631,1.71631
ct_064_L,2.1001145,1.55775625,1.15235875,42.669,1.60678,1.60678
ct_064_R,1.80348775,1.6981257499999998,0.390185525,15.51,1.57116,1.57117
ct_065_L,2.0301295,1.7284022499999998,1.00770075,26.059,1.90283,1.90283
ct_065_R,2.3065182500000003,1.67409025,1.0979802500000004,50.977,1.38345,1.38345
ct_066_L,1.9391961111111116,1.80907075,1.05086325,2.896,2.81882,2.81882
ct_066_R,1.97777875,1.6226535000000002,1.60902675,-9.072,3.42976,3.42976
ct_067_L,1.670696875,1.41231675,0.7279182500000001,31.32,1.6852,1.6852
ct_067_R,2.130413125,1.5331249999999998,1.14003,47.408,1.50434,1.50434
ct_068_L,1.7772962500000002,1.47032475,0.6532245000000001,38.416,1.43391,1.43391
ct_068_R,1.8544447222222225,1.3328765,1.2331615,33.465,1.88508,1.88508
ct_069_L,1.8026534999999997,1.3661305,1.19614575,27.259,2.04335,2.04335
ct_069_R,1.95242075,1.217782,0.99753675,62.397,1.22528,1.22528
ct_070_L,1.568425,1.5446015000000002,1.1112624999999998,-31.08,6.74031,6.74031
ct_070_R,1.71117125,1.4392305,1.265418,0.06,2.99734,2.99734
ct_071_L,2.1927340000000006,1.60764425,1.26382125,41.443,1.65511,1.65511
ct_071_R,2.77018725,1.6892449999999997,1.40443775,64.294,1.1912,1.1912
ct_072_L,1.7244882499999998,1.34655775,1.03898175,30.521,1.91974,1.91975
ct_072_R,1.7581702500000005,1.2159545,0.64103,62.073,1.0934,1.0934
ct_073_L,2.7779545,1.9311277499999997,1.7746495,40.335,1.7143,1.7143
ct_073_R,2.63934875,1.5360012500000002,1.7232452500000002,52.458,1.43968,1.43968
ct_074_L,1.684756,1.5531057499999998,0.6389834999999999,16.203,1.96997,1.96997
ct_074_R,2.00443775,1.35126025,1.3064222499999998,41.677,1.68666,1.68666
ct_075_L,2.46182875,1.87313875,1.4711325000000002,34.612,1.81971,1.81971
ct_075_R,2.2075015,2.01057675,0.7977682500000001,19.726,1.82199,1.82199
ct_076_L,1.8323855,1.66235375,1.14614525,0.863,2.95435,2.95435
ct_076_R,2.02806275,1.3191835714285711,1.27578475,47.585,1.55214,1.55213
ct_077_L,2.1486465625,1.65071075,1.1926115000000002,37.556,1.71666,1.71666
ct_077_R,1.9282035,1.7064145000000004,1.18855975,7.269,2.65365,2.65365
ct_078_L,2.0596620000000003,1.775102,1.41170225,3.786,2.82948,2.82948
ct_078_R,2.39938425,1.6485805000000002,1.4634077499999998,44.876,1.6044,1.6044
ct_079_L,2.2332427500000005,1.80707325,1.50434225,16.454,2.36104,2.36104
ct_079_R,2.17775775,1.8361765,1.35351075,16.052,2.33795,2.33795
ct_080_L,2.00722875,1.60178175,1.14666725,30.539,1.8897,1.8897
ct_080_R,1.8353057500000003,1.5080335,0.6260537500000001,40.554,1.35299,1.35299
ct_081_L,1.86145775,1.61714275,0.7666245,27.448,1.72824,1.72824
ct_081_R,1.923401,1.5701010000000002,1.2035217499999995,21.104,2.18774,2.18774
ct_082_L,2.2942410000000004,1.72277,1.35934875,36.858,1.76538,1.76538
ct_082_R,2.50134825,2.0835095,1.4862007499999998,21.233,2.15531,2.15531
ct_083_L,2.1827940000000003,1.53417825,1.591082,26.55,2.07494,2.07494
ct_084_L,1.90148275,1.574415,1.32292225,9.559,2.60594,2.60594
ct_084_R,1.94086725,1.5377897499999995,1.34613325,16.896,2.35648,2.35647
ct_085_L,1.7054727499999998,1.45696525,1.005823,17.14,2.27383,2.27383
ct_085_R,1.7229992499999998,1.59894925,0.8816597500000001,6.683,2.59217,2.59217
ct_086_L,2.0508542499999995,1.55219,1.27497775,32.619,1.88409,1.88409
ct_086_R,2.13005475,1.64553525,1.0976002500000002,40.213,1.61977,1.61977
ct_087_L,2.899033,1.48651375,1.225313,78.968,0.91166,0.91166
ct_087_R,2.172288333333333,1.65463025,1.03019475,45.141,1.47978,1.47978
ct_088_L,1.66404575,1.37158025,0.873172,29.555,1.85809,1.85808
ct_088_R,1.827476388888889,1.6800085,0.9465175,8.413,2.51731,2.51731
ct_089_L,1.954549,1.6035737500000002,1.0921145,27.331,1.95382,1.95382
ct_089_R,1.80854775,1.42239375,1.16552075,24.586,2.1042,2.1042
ct_090_L,1.9256985,1.6129997499999995,1.122341,21.435,2.13783,2.13783
ct_090_R,2.0334574999999995,1.5376288888888887,1.2079945,35.799,1.79011,1.79011
ct_131_L,1.865048928571429,1.2169585,0.6431300000000001,68.118,0.99589,0.99589
ct_131_R,1.73326675,1.20039425,0.7297212500000001,59.32,1.19563,1.19562
ct_132_L,1.8586222500000005,1.01717875,1.308128,48.745,1.48966,1.48966
ct_132_R,1.7039205,1.50615775,0.6351387500000001,25.755,1.69165,1.69165
ct_133_L,2.12616825,1.4372955,0.98117475,59.28,1.23754,1.23754
ct_134_L,2.1715167857142856,1.7200477499999998,1.45227775,20.39,2.23798,2.23798
ct_135_L,1.763265,1.45378325,0.71585675,37.262,1.5195,1.5195
ct_135_R,1.8719315,1.4208955,1.25616825,26.048,2.07928,2.07928
ct_136_L,1.9984095,1.4359849999999998,1.1555235,43.566,1.61318,1.61318
ct_136_R,1.9253475,1.5724812499999998,1.1832229999999997,22.311,2.14392,2.14392
ct_137_L,1.887277,1.29889375,0.76997,60.61,1.16315,1.16315
ct_137_R,2.3339807500000003,1.435313,1.02379825,68.303,1.08347,1.08347
ct_138_L,1.7206277499999998,1.5644217499999995,1.0763025000000002,0.361,2.98067,2.98067
ct_138_R,1.53587975,1.3766397499999998,1.189319,-18.442,4.03078,4.03078
ct_139_L,1.4176099999999998,1.513001,0.929414,-49.757,0.5,
ct_139_R,2.3150942857142858,1.0735490000000003,1.14246425,78.011,0.94061,0.9406
ct_140_L,1.56014525,1.4235045000000002,0.8045312499999999,10.328,2.43173,2.43173
ct_140_R,1.5088612499999998,1.35556775,0.427523525,25.212,1.50844,1.50845
ct_141_L,1.9462385,1.5241569999999998,1.06484925,35.593,1.75002,1.75002
ct_141_R,1.7877887499999996,1.5279527499999996,0.8694717500000001,26.069,1.88741,1.88741
ct_142_L,2.0523095,1.6673647499999995,1.3911485,15.23,2.40255,2.40255
ct_142_R,1.7098864999999996,1.7725955,1.28783775,-54.136,0.5,
ct_143_L,1.5984875,1.4087605,0.7845044999999999,19.727,2.06625,2.06625
ct_143_R,1.78796025,1.32142925,1.44282725,7.08,2.70966,2.70966
ct_144_L,1.9025155555555555,1.54796975,0.8582717499999999,36.954,1.59666,1.59666
ct_144_R,1.6814154999999995,1.443634,0.9459777500000002,18.9,2.18954,2.18954
ct_145_L,1.981154,1.46401325,1.45989225,19.633,2.2808,2.2808
ct_146_L,2.6546105,1.804062,1.5904065,47.109,1.55344,1.55344
ct_146_R,2.435154583333333,1.928183,1.50422075,26.786,2.02596,2.02596
ct_147_L,1.5982677500000002,1.6195685000000002,0.9899545,-27.815,0.50001,
ct_147_R,1.80525975,1.5484837499999995,0.971282,21.315,2.08799,2.08799
ct_148_L,1.8164782499999996,1.6947614999999998,0.97718,3.217,2.79834,2.79834
ct_148_R,1.7122045,1.4747425,0.968267,18.018,2.21999,2.21998
ct_149_L,1.8282567499999995,1.4427535000000002,1.09398425,29.432,1.94269,1.94269
ct_149_R,1.25713175,1.2578905,0.369669075,-2.724,5.39375,
ct_150_L,1.68345275,1.329283,0.8526235000000002,37.776,1.65711,1.65711
ct_150_R,1.5738425,1.1964400000000002,0.9996125,30.445,1.94584,1.94584
ct_151_L,1.6957745,1.3452842500000002,0.9461125,32.706,1.82534,1.82534
ct_151_R,1.5728352499999998,1.6002952499999998,0.4895387,-8.345,2.50946,
ct_152_L,1.36569425,1.4398345,1.0837152499999996,-67.154,0.5,
ct_152_R,1.71236175,1.3909872499999998,0.9331455,30.215,1.86789,1.86789
ct_153_L,1.38839075,1.3787440000000002,1.0321535,-39.016,9.32646,9.32646
ct_153_R,1.7073397499999998,1.4960124999999995,0.3335277,31.981,1.18351,1.18351
ct_154_L,2.160320625,1.37142725,1.239714,55.519,1.37765,1.37765
ct_154_R,1.851242,1.430426,0.7732677499999999,46.58,1.38075,1.38075
ct_155_L,2.2302245000000007,1.7683092500000002,1.52263075,18.331,2.30703,2.30703
ct_155_R,1.6308027500000002,1.5747890000000002,1.1896285,-28.863,5.51825,5.51825
ct_156_L,2.1064505,1.85210375,1.5089134999999998,-4.731,3.23169,3.23169
ct_156_R,1.86952,1.5787957499999998,1.1791365,14.683,2.39011,2.39011
ct_157_L,2.2159390000000005,1.64631525,0.7906817500000001,54.449,1.18127,1.18127
ct_157_R,2.35655075,1.2064230555555555,1.37489725,66.723,1.15194,1.15194
ct_158_L,2.10785025,2.0102532500000008,0.7162729999999999,9.333,2.15882,2.15881
ct_158_R,2.35887175,1.8653585,1.5310845,23.204,2.14538,2.14538
ct_159_L,2.2776372222222223,1.6565945,1.5619785,29.27,1.99802,1.99802
ct_160_L,1.66072925,1.3071049999999995,0.96887325,31.387,1.8818,1.8818
ct_160_R,1.4612740625,1.31100775,0.9478272500000002,0.497,2.97481,2.97481
ct_161_L,2.6657419999999994,1.85966825,1.5640247500000002,45.853,1.57255,1.57255
ct_161_R,2.3654245000000005,1.7712755000000002,1.1082612500000002,47.727,1.42871,1.42871
ct_162_L,1.6934652500000005,1.4285935000000003,0.54173725,36.692,1.37527,1.37528
ct_162_R,1.823741,1.472204,0.90716825,35.089,1.69992,1.69992
ct_163_L,2.039283,1.3578420000000002,0.8914332500000001,62.127,1.17199,1.17199
ct_163_R,1.9336295000000008,1.49880025,1.01134475,39.121,1.65015,1.65015
ct_164_L,1.7333077499999998,1.41277175,1.0000265,26.646,1.99127,1.99127
ct_164_R,1.969992,1.2878712499999998,1.0251782500000002,57.967,1.30626,1.30626
ct_165_L,1.8995597499999997,1.56788875,1.0687165,25.959,1.99301,1.99301
ct_165_R,2.21028275,1.287354,0.7656229999999999,76.085,0.89989,0.89989
mr_001_L,2.5570435,1.9474185,1.30002175,42.685,1.56472,1.56472
mr_001_R,1.98883025,1.6463205000000003,1.30040875,15.324,2.38555,2.38555
mr_002_L,1.90815825,1.65081175,1.3898525000000002,-3.394,3.15997,3.15997
mr_002_R,2.322002916666667,1.57065275,1.3403622499999996,49.816,1.48889,1.48889
mr_003_R,2.50472775,1.49197075,1.43544075,60.043,1.2904,1.29041
mr_004_L,2.3755085,1.76572725,1.7334405,20.076,2.26682,2.26682
mr_005_L,2.0093442500000003,1.821326,1.45591575,-12.514,3.69301,3.69301
mr_005_R,2.530449,1.6338867499999998,1.5328477500000002,50.852,1.47919,1.47919
mr_006_L,1.2434062499999998,1.1971095,1.187904,-76.438,0.5,
mr_006_R,1.9072397500000005,1.6163172499999998,1.39971575,-0.392,3.01763,3.01763
mr_007_L,2.42334775,1.82505425,1.7620384999999998,18.844,2.3047,2.3047
mr_007_R,2.4239505,1.91052725,1.6310090000000002,20.57,2.23483,2.23483
mr_008_L,2.163917083333333,1.73086225,1.0923595,35.96,1.69172,1.69173
mr_008_R,2.221733125,1.690515,1.3932315,31.286,1.9199,1.9199
mr_009_L,2.41928675,1.86179725,1.4641337499999998,32.258,1.88042,1.88042
mr_009_R,2.4266905000000003,1.5836437499999998,1.16349925,61.186,1.22357,1.22357
mr_010_L,1.98735075,1.83528125,1.61275625,-32.198,0.5,5.18849
mr_011_L,1.8539925,1.5986422499999997,1.37276275,-4.705,3.22249,3.22249
mr_011_R,1.84252525,1.67229375,1.44199675,-22.7,4.35164,4.35164
mr_012_L,2.12186475,1.92686675,1.503158,-10.438,3.57544,3.57544
mr_012_R,2.45676175,1.88144725,1.7118524999999998,21.255,2.22478,2.22478
mr_013_L,2.01592625,1.3602364999999998,1.5317252499999998,25.415,2.09813,2.09813
mr_013_R,1.7137777499999998,1.485242,1.20343975,0.281,2.98697,2.98697
mr_014_L,2.0429667500000006,1.7042442500000003,1.3544305,12.809,2.4752,2.4752
mr_015_L,2.75940575,1.6272527499999998,1.58093125,60.686,1.27786,1.27786
mr_016_L,2.02042025,1.6421847500000002,1.06692775,31.578,1.81583,1.81583
mr_016_R,1.9682965,1.7106165,1.34531475,2.427,2.88813,2.88813
mr_017_L,1.931034,1.5670815,1.2881602500000002,16.87,2.34424,2.34424
mr_017_R,2.817075,1.5857555,1.6694452499999997,61.351,1.2637,1.2637
mr_018_L,2.0019327499999995,1.8149562500000005,1.22501625,2.571,2.86461,2.86461
mr_018_R,2.9945065000000004,1.5980482500000002,1.2527325,77.48,0.93312,0.93312
mr_019_L,2.1881507500000006,1.89931825,1.3298949999999998,12.152,2.45876,2.45876
mr_019_R,2.439524,1.96804575,1.81773475,6.127,2.74706,2.74706
mr_020_L,1.9797490000000004,1.6038677499999998,1.40186875,11.324,2.54724,2.54725
mr_020_R,1.972012,1.5277444999999998,1.2704622499999998,26.763,2.04575,2.04575
mr_021_L,2.5852912500000005,2.186596428571429,1.69348575,11.39,2.52014,2.52014
mr_022_L,2.537094,1.958634,1.7242382500000002,22.601,2.17908,2.17908
mr_022_R,2.1590715,1.7880854999999998,1.195089,26.239,1.97519,1.97519
mr_023_R,2.0074482500000004,1.6798594999999998,1.6393555,-13.059,3.64649,3.64649
mr_024_L,2.4566280000000003,1.52617,1.6032635,48.226,1.53718,1.53718
mr_025_L,2.4376325000000003,1.7820134999999997,1.7149182499999998,26.112,2.08724,2.08724
mr_025_R,1.94653375,1.78057225,1.58932225,-30.972,5.02549,5.02549
mr_026_L,2.117039,1.7467502500000005,1.43870075,12.445,2.49661,2.49661
mr_026_R,2.1519465,1.81925625,1.402964,11.869,2.50128,2.50128
mr_027_L,2.130831,1.65102225,1.6443975000000002,7.524,2.69579,2.69579
mr_027_R,1.766009,1.72375825,1.1968225,-24.118,5.39673,5.39673
mr_028_L,2.7624065000000004,1.985542,1.76032625,36.989,1.7903,1.79029
mr_028_R,2.20018625,1.81728925,0.878861,37.276,1.50835,1.50835
mr_029_L,2.155603,2.13039875,1.2599509999999998,-16.502,5.24472,5.24472
mr_029_R,2.8842912500000004,2.1300015,1.97389375,27.674,2.04024,2.04024
mr_030_L,2.12412925,1.73470475,1.423537,15.433,2.39187,2.39187
mr_030_R,1.990407,1.7893912500000002,1.3645105,-4.878,3.25362,3.25362
mr_031_L,2.227746388888889,1.75336225,1.13823275,37.907,1.66003,1.66003
mr_031_R,1.842877,1.5433350000000003,1.2427745,10.598,2.55903,2.55903
mr_032_L,2.1771605,1.701766,1.22360225,34.492,1.78973,1.78973
mr_032_R,2.2193940000000003,1.6273832499999998,1.6232687499999998,21.449,2.22501,2.22501
mr_033_R,2.4426555,1.67928025,1.8544780000000003,23.747,2.14956,2.14956
mr_034_L,1.57442925,1.6552397499999998,1.2816775000000002,-70.149,0.50001,
mr_034_R,2.124929,1.26594775,1.2128442499999998,60.26,1.28587,1.28587
mr_035_L,1.86149125,1.494841,0.9541435,34.749,1.72693,1.72693
mr_035_R,1.48227475,1.415606,1.01571725,-19.281,4.45757,4.45757
mr_036_L,2.4592425,2.0222744999999995,1.20504,32.629,1.74151,1.74151
mr_036_R,2.742182083333333,1.82883725,1.8832797500000005,37.942,1.77632,1.77632
mr_037_L,2.0713485,1.71656025,1.6011365000000002,-3.101,3.13948,3.13948
mr_037_R,1.6647515,1.1208625,0.9837205,48.845,1.5147,1.5147
mr_038_L,2.54610425,1.687174,1.5166687499999998,49.766,1.49819,1.49819
mr_038_R,2.089899,1.7593880000000002,1.3852825000000002,11.213,2.53094,2.53094
mr_039_L,2.108886,1.8428375,1.5802642499999997,-8.803,3.43694,3.43694
mr_039_R,2.8302155,1.8646845,1.531826,55.545,1.36174,1.36174
mr_040_L,1.7703585,1.4322965,1.1252577499999998,21.365,2.18798,2.18798
mr_040_R,2.2455355,1.690015,1.5913657500000002,21.779,2.21255,2.21255
mr_041_L,1.95018925,1.6591295,1.179599,16.295,2.31547,2.31548
mr_041_R,1.95500975,1.7255339999999997,1.2093965,7.569,2.6427,2.6427
mr_042_L,1.7616795,1.75088575,1.4679265,-56.027,0.5,
mr_042_R,2.0704745,1.7755605,1.46818075,1.278,2.9422,2.9422
mr_043_L,1.5691910000000002,1.7947499999999998,1.38238475,-117.987,0.5,
mr_043_R,1.7657427499999998,1.424713,1.1315849999999998,21.151,2.19802,2.19802
mr_044_L,2.16498625,1.3795685,1.5601125,36.706,1.79684,1.79684
mr_045_L,2.06810375,1.8555635,1.0862525,13.281,2.32907,2.32907
mr_045_R,2.5328070000000005,1.83301075,1.6020600000000005,36.789,1.7927,1.7927
mr_046_L,1.9642111111111111,1.6680975,1.3037524999999996,9.508,2.5935,2.5935
mr_046_R,1.96247325,1.5156275,1.4685549999999998,12.031,2.53125,2.53125
mr_047_L,1.98689025,1.59471675,1.3928835000000002,13.843,2.45856,2.45855
mr_047_R,1.78407375,1.6576430000000002,1.08285625,-2.571,3.15484,3.15484
mr_048_L,2.23452325,1.83862725,1.4922287500000002,14.509,2.42076,2.42076
mr_048_R,2.1589032500000003,1.5075005,1.60472225,24.886,2.1206,2.1206
mr_049_L,2.0536142499999994,2.04353,1.3864169999999998,-29.304,0.5,8.2162
mr_049_R,2.18110225,1.9423569999999997,1.3235797500000002,7.028,2.65761,2.65761
mr_050_L,1.9166995,1.6567675000000002,1.13589625,14.602,2.35958,2.35958
mr_050_R,1.85339175,1.5186352500000002,1.5394724999999998,-12.32,3.60436,3.60436
mr_051_L,1.81176975,1.56411075,1.0262385,17.485,2.2377,2.2377
mr_051_R,1.7841404999999997,1.47116375,1.3644712499999998,-0.796,3.03505,3.03505
mr_052_L,1.813336,1.5833549999999998,1.3797805,-10.628,3.5338,3.5338
mr_052_R,1.6816777499999995,1.57438025,1.1734265,-16.028,4.03876,4.03876
mr_053_L,2.138951,1.747054,1.35208875,20.251,2.21766,2.21766
mr_053_R,2.1833455,1.8043275,1.3324364999999998,20.833,2.18224,2.18224
mr_054_L,2.26345625,1.52515375,1.121077,57.256,1.29946,1.29946
mr_054_R,2.26557675,1.859345,1.81795825,-6.944,3.32206,3.32206
mr_055_L,2.0969115,1.4897057500000002,1.383246,35.439,1.83518,1.83518
mr_055_R,1.9682855,1.5641547499999997,1.2612225,23.505,2.13138,2.13138
mr_056_L,2.19467825,1.803134,1.48924,13.296,2.46705,2.46705
mr_056_R,2.01664675,1.880742,1.521313,-24.045,4.59167,4.59167
mr_057_L,2.10195325,1.7863064999999998,1.32765325,13.425,2.43324,2.43324
mr_057_R,2.2936922500000003,1.868636,1.44271825,21.043,2.19212,2.19213
mr_058_L,2.117693,1.6231735,1.4279777499999995,24.309,2.12849,2.12849
mr_058_R,1.991217,1.6122632500000005,1.5710927499999998,-2.202,3.09742,3.09742
mr_059_L,3.1825702500000004,1.8448825,1.29090175,73.847,0.97862,0.97862
mr_059_R,2.11228825,1.63111175,1.3539852500000005,27.616,2.0214,2.0214
mr_060_L,2.1243445,1.671124,1.6016369999999998,8.463,2.65979,2.65979
mr_060_R,1.8545765000000003,1.7055599999999995,0.70007175,16.841,1.94499,1.94499
mr_061_L,2.19826575,1.833176,1.6190080000000002,2.058,2.91053,2.91053
mr_061_R,2.14494875,1.9008005000000003,1.2140945,12.274,2.4145,2.4145
mr_062_L,2.33137075,1.737322,1.38871275,37.483,1.75406,1.75406
mr_062_R,2.2246325,1.8681825,1.5152445,9.179,2.61398,2.61397
mr_063_L,2.04561975,1.476382,1.44704175,27.009,2.0627,2.0627
mr_064_L,2.24174125,1.89294875,1.7254254999999996,-5.805,3.27031,3.27031
mr_064_R,1.9059665,1.89584825,1.2631832499999998,-27.527,0.5,7.78835
mr_065_L,2.24459475,1.8944225,1.3860135000000002,16.336,2.32544,2.32544
mr_065_R,2.2595115,1.71952675,1.4723599999999997,28.257,2.0111,2.0111
mr_066_L,1.96706075,1.711763,1.13156125,15.065,2.32621,2.32621
mr_066_R,2.0562215,1.665241,1.581226,1.41,2.93954,2.93954
mr_067_L,1.5304879999999998,1.49297,1.00809275,-21.401,5.10022,5.10022
mr_067_R,1.90493025,1.3848282500000002,1.05712625,44.491,1.57671,1.57671
mr_068_L,1.78432675,1.459283,0.8605754999999998,34.08,1.69982,1.69982
mr_068_R,2.194739,1.4214232499999997,1.36219375,48.925,1.52226,1.52226
mr_069_L,2.178345357142857,1.77863525,1.6768234999999998,-0.048,3.00207,3.00207
mr_069_R,2.04989075,1.74774525,1.45196075,2.485,2.88937,2.88937
mr_070_L,1.865373571428572,1.628297,1.5105285000000002,-19.612,4.06269,4.06269
mr_070_R,1.87294025,1.63336575,1.4343175,-11.237,3.5659,3.56589
mr_071_L,2.16710875,1.65276875,1.40502525,28.387,2.00589,2.00589
mr_071_R,2.6378135,1.645986,1.4025999999999998,60.67,1.26586,1.26586
mr_072_L,1.9091625,1.7439566666666666,1.23782575,-3.477,3.19132,3.19132
mr_072_R,2.077692,1.67823225,1.0351155,34.934,1.70418,1.70418
mr_073_L,2.33331875,1.7608642500000002,1.6975970000000005,18.51,2.31516,2.31516
mr_073_R,2.53278925,1.5047877500000002,1.7026745,48.648,1.52006,1.52006
mr_074_L,1.7767555000000002,1.6190572499999998,0.974309,7.844,2.57508,2.57508
mr_074_R,2.07573425,1.560981,1.4339194999999996,24.506,2.12925,2.12925
mr_075_L,2.7497160000000003,1.87772975,1.57214875,49.465,1.49265,1.49265
mr_075_R,2.322981,1.9497765,0.763003,37.325,1.3812,1.3812
mr_076_L,2.0062565,1.889585,1.4420959999999998,-20.687,4.4178,4.4178
mr_076_R,2.26804075,2.01517975,1.668732,-9.973,3.51547,3.51547
mr_077_L,2.3710107500000004,1.8328355000000005,1.43572825,31.604,1.89624,1.89624
mr_077_R,2.15504475,1.8176435,1.5139712500000002,5.327,2.77011,2.77012
mr_078_L,2.037849,1.99385475,1.52456625,-35.534,6.81831,6.81831
mr_078_R,2.490484722222222,1.7325972500000006,1.591319,40.243,1.71642,1.71642
mr_079_L,1.9367810000000003,1.6983505,1.25105825,5.62,2.73849,2.73849
mr_079_R,2.04656575,1.6489815,1.205763,27.241,1.98865,1.98865
mr_080_L,2.25455575,1.92093875,1.63790425,-0.195,3.00882,3.00882
mr_080_R,1.9189775,1.806642,1.2338099999999996,-10.025,3.66346,3.66347
mr_081_L,1.9406650000000003,1.619939,1.2090964999999998,17.653,2.28863,2.28863
mr_081_R,2.08312325,1.82374725,1.56824,-9.771,3.48983,3.48983
mr_082_L,2.3683285,1.8295945,1.7299634999999998,14.921,2.43094,2.43094
mr_082_R,2.3305319999999994,1.82122275,1.42110225,29.604,1.94823,1.94823
mr_083_L,2.2840115,1.661267,1.6649675000000002,22.784,2.18494,2.18494
mr_084_L,2.812481,1.91129375,1.5761705,51.014,1.45639,1.45639
mr_084_R,2.1392057500000004,1.7696930000000002,1.6904482499999998,-5.961,3.27456,3.27456
mr_085_L,2.15938375,1.6579494999999995,1.4357482499999998,25.346,2.09546,2.09546
mr_085_R,2.0322745,1.66613625,1.351867,15.461,2.3881,2.3881
mr_086_L,1.90753725,1.65392175,1.2990052500000002,3.238,2.85202,2.85202
mr_086_R,1.8045015,1.579797,1.33617,-7.7,3.38066,3.38066
mr_087_L,2.1951050000000003,1.6973287499999998,1.3290599999999997,31.573,1.89692,1.89692
mr_087_R,2.19803725,1.5921547500000002,1.2819090000000002,42.158,1.64552,1.64552
mr_088_L,1.8558472500000005,1.67686875,1.281297,-6.678,3.35578,3.35577
mr_088_R,1.9610615,1.6583920000000003,1.38481875,4.31,2.81227,2.81227
mr_089_L,1.8146225,1.667037,1.3426095,-18.035,4.07986,4.07986
mr_089_R,1.8845267500000005,1.6345215,1.34059425,-1.246,3.05827,3.05827
mr_090_L,2.1518182500000003,1.765049,1.3513835,20.041,2.22057,2.22057
mr_090_R,2.3414255,1.6085742499999998,1.49450375,41.57,1.68629,1.68629
mr_131_L,1.95144725,1.6121862500000002,1.297222,14.239,2.42795,2.42795
mr_131_R,2.4055042500000003,1.80725175,1.4093755,37.481,1.74645,1.74645
mr_132_L,1.928277,1.0901522500000005,1.49102025,35.698,1.76664,1.76664
mr_132_R,1.63376025,1.5718027499999998,0.8311695,-2.217,3.18805,3.18805
mr_133_L,2.291873125,1.71449575,1.511321,29.462,1.98392,1.98392
mr_134_L,1.8650395,1.5709035,1.35147975,2.193,2.90378,2.90378
mr_135_L,1.947621,1.7848634999999995,1.1481609999999998,2.546,2.85857,2.85857
mr_135_R,2.0498815,1.6661745,1.5081365,6.477,2.73217,2.73217
mr_136_L,2.0740522500000003,1.55825,1.4205569999999998,25.461,2.10074,2.10074
mr_136_R,2.159533,1.7261565,1.3953975,21.952,2.17876,2.17875
mr_137_L,2.104707142857143,1.5696385000000002,1.111498,43.793,1.56512,1.56512
mr_137_R,2.15929675,1.609754,1.36625225,33.236,1.8763,1.8763
mr_138_L,1.99746,1.8007775,1.499597,-15.588,3.86565,3.86564
mr_138_R,2.022372,1.7892577500000002,1.4459077500000004,-5.798,3.28966,3.28966
mr_139_L,2.9022275,1.6892062499999998,1.2778087499999995,71.747,1.03339,1.0334
mr_139_R,2.538268,1.35312125,1.11601575,76.351,0.96145,0.96145
mr_140_L,1.6316412500000002,1.5701507500000005,0.8794147499999999,-4.772,3.39848,3.39848
mr_140_R,2.0613269999999995,1.6965337500000004,1.6114462499999995,-3.526,3.15862,3.15862
mr_141_L,3.0101165000000005,1.7904707499999997,1.608062,63.709,1.21291,1.21291
mr_141_R,1.97554775,1.5902445,1.53121725,1.277,2.94525,2.94525
mr_142_L,2.0988915,1.83040025,1.5665735,-7.903,3.38861,3.38861
mr_142_R,1.896905,1.8497872500000003,1.458596,-38.196,6.9603,6.9603
mr_143_L,1.857988,1.39833025,1.2560299999999998,26.478,2.06969,2.0697
mr_143_R,2.02628675,1.6989695000000005,1.775122,-26.179,4.52524,4.52524
mr_144_L,3.1086667500000003,1.945397,1.67053075,59.974,1.28081,1.2808
mr_144_R,2.6444202500000005,1.75019675,1.70012075,44.435,1.62304,1.62304
mr_145_L,2.0600305000000003,1.558674,1.49911675,18.147,2.32659,2.32659
mr_146_L,2.61442,1.7770184999999998,1.5701645000000002,46.936,1.55761,1.55761
mr_146_R,2.4885655,1.7857404999999995,1.5816295,37.378,1.78055,1.78054
mr_147_L,1.74598975,1.7929202500000003,1.40699225,-60.612,0.5,
mr_147_R,1.94197575,1.64401675,1.455055,-2.735,3.12475,3.12475
mr_148_L,2.0579505,1.828197,1.481299,-7.4,3.3766,3.3766
mr_148_R,1.98888625,1.70918,1.437463,-1.219,3.05609,3.05609
mr_149_L,1.980972,1.90629125,1.4061577500000002,-24.877,5.05819,5.05818
mr_149_R,1.57031925,1.82422675,1.33576525,-118.323,0.50001,
mr_150_L,1.9551605,1.780576,1.352136,-8.609,3.47566,3.47566
mr_150_R,1.04998425,1.6053465,1.39501325,-491.926,0.50001,
mr_151_L,1.8540235,1.556359,1.3408025,3.024,2.86851,2.86851
mr_151_R,1.8036045,1.521335,1.1527325,13.879,2.4233,2.42331
mr_152_L,1.4707302500000003,1.552896,1.37310525,-99.093,0.50001,
mr_152_R,1.8962312500000005,1.5490085,1.2310250000000005,18.128,2.29389,2.29389
mr_153_L,1.5871270000000002,1.6573884999999997,1.2820585000000002,-66.587,0.50001,
mr_153_R,1.81164,1.73844925,0.935654,-2.139,3.17496,3.17496
mr_154_L,2.12110725,1.54561225,1.39422025,32.909,1.8962,1.8962
mr_154_R,2.24428425,1.953892,1.41446925,8.977,2.59412,2.59412
mr_155_L,2.04140225,1.82297025,1.49144575,-10.209,3.53485,3.53485
mr_155_R,2.4902255,1.96076675,1.8144365,12.502,2.51202,2.51202
mr_156_L,2.2687305,1.8868855,1.7903465000000005,-6.672,3.30996,3.30996
mr_156_R,2.06132675,1.77281975,1.47631325,-0.35,3.01606,3.01606
mr_157_L,2.086426875,1.7151227499999997,1.2282110000000002,24.052,2.07147,2.07147
mr_157_R,2.540528,1.6750907499999996,1.5951292499999998,46.583,1.57358,1.57358
mr_158_L,2.04700525,1.9931565,0.9707332499999998,-2.979,3.3119,3.31191
mr_158_R,2.3872795000000004,1.831589,1.5596547500000004,26.953,2.04617,2.04617
mr_159_L,2.32590275,1.71983275,1.79373525,13.705,2.47289,2.4729
mr_159_R,1.8126685,1.4854105,1.28596575,9.267,2.62131,2.62131
mr_160_L,1.8540365,1.41231125,1.34213375,17.864,2.3349,2.3349
mr_160_R,1.8039865,1.620324,1.4695465,-26.518,4.59732,4.59732
mr_161_L,2.8297615,2.164476,1.85158425,27.234,2.0393,2.0393
mr_161_R,2.52882125,1.94872275,1.36997475,38.339,1.68662,1.68662
mr_162_L,1.5858147500000002,1.5720415,0.9731389999999998,-20.525,6.07096,6.07096
mr_163_L,2.17035025,1.7807222500000002,1.510629,11.047,2.5526,2.5526
mr_163_R,2.2953557500000006,1.818737,1.61195125,15.62,2.40061,2.40061
mr_164_L,2.0269795000000004,1.759389,1.32410175,6.731,2.69589,2.69589
mr_164_R,2.1629545,1.8528815,1.6348224999999998,-6.043,3.28595,3.28595
mr_165_L,1.99109025,1.3454977500000005,1.5889524999999998,18.318,2.304,2.304
mr_165_R,2.1414105,1.2071547500000004,1.28079525,60.69,1.27644,1.27644
